模型类别,模型,证据来源,角色定位,说明,RMSE,MAE,MAPE,方向命中率,最大绝对误差,第60天价格,第90天价格,第120天价格,第180天价格,第180天价格_P05,第180天价格_P50,第180天价格_P95,外推期最高价,外推期均价,突破120概率,突破130概率,二次跳涨风险,质量评分
短期拟合/预测,本文短期动态模型,output/calibration/短期模型基准对比.csv,短期误差对比,阶段4综合最优参数；递推过程中不喂入当日真实价格,3.3800142208570305,2.756404510609999,2.7553458276384384,66.66666666666666,7.235787658476099,,,,,,,,,,,,,
短期拟合/预测,朴素上一日基准,output/calibration/短期模型基准对比.csv,短期误差对比,Random Walk：预测今日价格等于上一交易日真实价格,4.466514544240624,3.5699999999999994,3.540592156836684,46.666666666666664,10.819999999999991,,,,,,,,,,,,,
短期拟合/预测,三日均值基准,output/calibration/短期模型基准对比.csv,短期误差对比,只使用过去最多三日真实价格均值,5.179639603787195,4.158043478260869,4.1481752671396075,44.44444444444444,11.043333333333337,,,,,,,,,,,,,
短期拟合/预测,漂移随机游走基准,output/calibration/短期模型基准对比.csv,短期误差对比,上一日价格加最近历史平均日变化,4.838705842919107,3.9369057971014487,3.908239058761814,46.666666666666664,10.324000000000012,,,,,,,,,,,,,
短期拟合/预测,"滚动ARIMA(1,1,0)基准",output/calibration/短期模型基准对比.csv,短期误差对比,每一步只用此前真实价格滚动拟合,4.526273722498156,3.666168547083734,3.633783647642709,46.666666666666664,10.750165401396416,,,,,,,,,,,,,
短期机器学习辅助,机制递推主模型,output/calibration/短期机器学习模型对比.csv,机器学习残差/收益率辅助,当前短期主模型,3.3800142208570305,2.756404510609999,2.7553458276384384,66.66666666666666,7.235787658476099,,,,,,,,,,,,,
短期机器学习辅助,在线残差校正模型,output/calibration/短期机器学习模型对比.csv,机器学习残差/收益率辅助,只使用滞后误差的一阶在线校正,3.344342439102926,2.7511965166991783,2.7476358576515865,60.0,6.5413027263789445,,,,,,,,,,,,,
短期机器学习辅助,分段感知在线校正模型,output/calibration/短期机器学习模型对比.csv,机器学习残差/收益率辅助,只使用滞后误差，并允许平台期/再定价期反馈强度不同,3.5141205606894004,2.891316760962489,2.882613229029271,53.333333333333336,9.145125501395697,,,,,,,,,,,,,
短期机器学习辅助,历史Ridge收益率模型,output/calibration/短期机器学习模型对比.csv,机器学习残差/收益率辅助,仅用2017-2026冲突前价格特征训练的一日收益率模型,4.557000883920063,3.733315463871069,3.729264277222456,51.11111111111111,10.47482937035666,,,,,,,,,,,,,
短期机器学习辅助,机制+Ridge收益率修正,output/calibration/短期机器学习模型对比.csv,机器学习残差/收益率辅助,将历史Ridge预测的正常收益变化叠加到机制路径,3.3341092371605368,2.804929403154594,2.8121419733859883,68.88888888888889,6.413027432057916,,,,,,,,,,,,,
短期机器学习辅助,机制+阶段Ridge修正,output/calibration/短期机器学习模型对比.csv,机器学习残差/收益率辅助,仅在高位平台与中期再定价两个残差薄弱段启用Ridge收益率修正,3.180671757413119,2.6871553208536314,2.6884882249592588,68.88888888888889,6.076466861828322,,,,,,,,,,,,,
短期机器学习辅助,朴素上一日基准,output/calibration/短期机器学习模型对比.csv,机器学习残差/收益率辅助,预测今日价格等于上一交易日前收盘价,4.4559337576061315,3.595434782608695,3.605056499873202,46.666666666666664,10.819999999999991,,,,,,,,,,,,,
质量闸门,拟合精度,output/calibration/短期模型最终质量闸门.csv,通过,"RMSE=3.380, MAE=2.756, MAPE=2.76%；样本为事件窗口条件解释，不是普通交易日逐日预测。",,,,,,,,,,,,,,,,,,5.0
质量闸门,基准优势,output/calibration/短期模型最终质量闸门.csv,通过,"Theil U=0.757, 相对朴素RMSE改善=24.3%, 最强基准RMSE=4.467；朴素基准很强，必须保留 DM 检验和方向命中证据。",,,,,,,,,,,,,,,,,,5.0
质量闸门,机器学习辅助,output/calibration/短期模型最终质量闸门.csv,谨慎通过,"机制+Ridge相对机制RMSE改善=1.36%, 方向提升=2.2pct；纯Ridge相对机制=-34.8%；建议写作：机制模型为主，Ridge 只作为滞后特征辅助修正层。",,,,,,,,,,,,,,,,,,4.3
质量闸门,历史滚动验证,output/calibration/短期模型最终质量闸门.csv,谨慎通过,历史Ridge胜过朴素窗口占比=44.0%，冲突窗口Ridge改善=-2.95%；这不是坏事，而是支持论文不要把 LSTM/Ridge 写成主模型。,,,,,,,,,,,,,,,,,,4.0
质量闸门,滞后复制风险,output/calibration/短期模型最终质量闸门.csv,通过,最优平移=0天，左移1天RMSE劣化=0.520；仍需配合拐点图说明个别日度噪声无法完全提前捕捉。,,,,,,,,,,,,,,,,,,5.0
质量闸门,拐点解释,output/calibration/短期模型最终质量闸门.csv,谨慎通过,同步或提前捕捉=10/10，同日幅度中位捕捉率=0.13；模型能解释方向和平台，不宜声称精确捕捉所有单日跳幅。,,,,,,,,,,,,,,,,,,4.2
质量闸门,分段稳定性,output/calibration/短期模型最终质量闸门.csv,通过,"最差删块RMSE=4.613, 删块RMSE标准差=0.708；最难片段集中在中期平台再定价，应在论文里主动说明。",,,,,,,,,,,,,,,,,,4.4
质量闸门,参数稳健性,output/calibration/短期模型最终质量闸门.csv,通过,局部优秀扰动占比=99.9%；这是局部稳健性，不代表任意参数都优秀。,,,,,,,,,,,,,,,,,,5.0
质量闸门,残差结构,output/calibration/短期模型最终质量闸门.csv,谨慎通过,"Ljung-Box lag10 p=0.363, ARCH-LM p=0.419, 平方残差LB p=0.019；金融残差有波动聚集迹象，R/GARCH 只能作审计，不替代机制模型。",,,,,,,,,,,,,,,,,,4.0
传统供需反事实,传统供需基准-低中断,output/baseline/传统供需基准模型结果.csv,反事实压力上界,线性反事实价格=278.198，常弹性机械上界=1494.863,,,,,,,,,,,,,278.198,,,,,
传统供需反事实,传统供需基准-中中断,output/baseline/传统供需基准模型结果.csv,反事实压力上界,线性反事实价格=307.482，常弹性机械上界=2393.231,,,,,,,,,,,,,307.4819999999999,,,,,
传统供需反事实,传统供需基准-高中断,output/baseline/传统供需基准模型结果.csv,反事实压力上界,线性反事实价格=336.766，常弹性机械上界=3875.193,,,,,,,,,,,,,336.76599999999996,,,,,
长期确定性情景,长期三情景-乐观情景,output/scenarios/三情景关键指标.csv,60-180天条件中心路径,长期无真实标签，作为条件情景外推，不按短期拟合 RMSE 排名。,,,,,,109.82663212987909,92.83443920498308,91.45372416488549,87.05117029933245,,,,101.50613919240064,90.8828987655244,,,低,
长期确定性情景,长期三情景-中性情景,output/scenarios/三情景关键指标.csv,60-180天条件中心路径,长期无真实标签，作为条件情景外推，不按短期拟合 RMSE 排名。,,,,,,109.82663212987909,104.9884843536096,100.29799467719388,93.2584586128952,,,,109.71706696260236,100.39098735539314,,,低,
长期确定性情景,长期三情景-悲观情景,output/scenarios/三情景关键指标.csv,60-180天条件中心路径,长期无真实标签，作为条件情景外推，不按短期拟合 RMSE 排名。,,,,,,109.82663212987909,123.24842263669464,115.56304050582769,111.71402136999662,,,,129.70911786230374,117.86828079857152,,,高,
长期概率模型,蒙特卡洛情景树,output/monte_carlo/蒙特卡洛样本指标.csv,尾部风险与分位区间,样本数=2000，用于补足长期中心线过平的问题。,,,,,,,100.72940166307922,100.3186884112652,96.50603630740889,88.84915902370602,95.83521768699708,107.07217094561626,108.8956533907631,99.91901379675934,10.25,0.15,高缺口概率 2.4%,
长期概率模型,马尔可夫状态转移情景树,output/scenarios/长期状态转移样本指标.csv,状态不确定性与概率区间,"样本数=3000，最终状态占比={'维持': 71.1, '升级': 21.5, '缓和': 7.4}",,,,,,,108.89106086990444,103.42039048461861,97.37355843559602,90.19768520847343,95.89911576176203,108.95351337359143,119.97715694434048,103.83006637959647,47.86666666666667,3.833333333333333,由状态转移路径和突破概率表达,
