参数因子,中文含义,数值,证据说明
route_capacity_multiplier,绕道和替代贸易恢复能力乘数,0.9724746848,基于 JODI 多国同口径产量、库存、进出口、需求和炼厂产出，叠加 EIA 美国 SPR 与商业库存周度变化，并引入 OPEC 全球供需平衡表约束长期需求基线和 DoC 需求差额尾部压力；同时使用 OVX 隐含波动率温和约束长期风险权重和不确定性强度。所有外部数据仅作长期参数约束。
inventory_daily_cap_multiplier,商业库存日缓冲上限乘数,1.0738947912931034,基于 JODI 多国同口径产量、库存、进出口、需求和炼厂产出，叠加 EIA 美国 SPR 与商业库存周度变化，并引入 OPEC 全球供需平衡表约束长期需求基线和 DoC 需求差额尾部压力；同时使用 OVX 隐含波动率温和约束长期风险权重和不确定性强度。所有外部数据仅作长期参数约束。
demand_decline_multiplier,长期需求收缩幅度乘数,0.9559706898,基于 JODI 多国同口径产量、库存、进出口、需求和炼厂产出，叠加 EIA 美国 SPR 与商业库存周度变化，并引入 OPEC 全球供需平衡表约束长期需求基线和 DoC 需求差额尾部压力；同时使用 OVX 隐含波动率温和约束长期风险权重和不确定性强度。所有外部数据仅作长期参数约束。
long_elasticity_multiplier,长期需求弹性绝对值乘数,0.9749582532693333,基于 JODI 多国同口径产量、库存、进出口、需求和炼厂产出，叠加 EIA 美国 SPR 与商业库存周度变化，并引入 OPEC 全球供需平衡表约束长期需求基线和 DoC 需求差额尾部压力；同时使用 OVX 隐含波动率温和约束长期风险权重和不确定性强度。所有外部数据仅作长期参数约束。
spr_release_multiplier,SPR 释放上限可信度乘数,0.967219365079365,基于 JODI 多国同口径产量、库存、进出口、需求和炼厂产出，叠加 EIA 美国 SPR 与商业库存周度变化，并引入 OPEC 全球供需平衡表约束长期需求基线和 DoC 需求差额尾部压力；同时使用 OVX 隐含波动率温和约束长期风险权重和不确定性强度。所有外部数据仅作长期参数约束。
risk_weight_multiplier,贸易收缩风险权重乘数,1.0833432673841352,基于 JODI 多国同口径产量、库存、进出口、需求和炼厂产出，叠加 EIA 美国 SPR 与商业库存周度变化，并引入 OPEC 全球供需平衡表约束长期需求基线和 DoC 需求差额尾部压力；同时使用 OVX 隐含波动率温和约束长期风险权重和不确定性强度。所有外部数据仅作长期参数约束。
uncertainty_floor_multiplier,长期不确定性强度乘数,1.0748700982070003,基于 JODI 多国同口径产量、库存、进出口、需求和炼厂产出，叠加 EIA 美国 SPR 与商业库存周度变化，并引入 OPEC 全球供需平衡表约束长期需求基线和 DoC 需求差额尾部压力；同时使用 OVX 隐含波动率温和约束长期风险权重和不确定性强度。所有外部数据仅作长期参数约束。
ovx_market_risk_multiplier,OVX市场风险权重附加乘数,1.0275360158312994,基于 JODI 多国同口径产量、库存、进出口、需求和炼厂产出，叠加 EIA 美国 SPR 与商业库存周度变化，并引入 OPEC 全球供需平衡表约束长期需求基线和 DoC 需求差额尾部压力；同时使用 OVX 隐含波动率温和约束长期风险权重和不确定性强度。所有外部数据仅作长期参数约束。
ovx_uncertainty_multiplier,OVX不确定性强度附加乘数,1.0432708820206131,基于 JODI 多国同口径产量、库存、进出口、需求和炼厂产出，叠加 EIA 美国 SPR 与商业库存周度变化，并引入 OPEC 全球供需平衡表约束长期需求基线和 DoC 需求差额尾部压力；同时使用 OVX 隐含波动率温和约束长期风险权重和不确定性强度。所有外部数据仅作长期参数约束。
