day_index,trade_date,p05,p10,p25,p50,p75,p90,p95
65,2026-05-06,108.23865157059622,108.70443955141312,109.46336470801955,110.3264410429185,111.15238446305693,112.02367514475587,112.61626221695603
66,2026-05-07,106.82413278660492,107.61439911729228,108.93791580520647,110.3535722730263,111.70839469759333,113.41471990139284,114.88057671555885
67,2026-05-08,105.51463687878586,106.6854406760925,108.60042829493737,110.3234502242298,112.32620023245272,114.89205143195113,117.10560419319958
68,2026-05-09,104.5792991339899,106.07028653296287,108.25345562796585,110.42630615684787,112.80191849890329,116.74470897466828,119.4479964752263
69,2026-05-10,104.1677788344492,105.53686866532357,108.0229680891006,110.38099548357857,113.24302093709359,117.92232274655818,120.59629407058308
70,2026-05-11,103.49644974000695,105.29121004880348,107.67302691972014,110.30596582360653,113.78666215381865,119.04292545610602,122.22602464840305
71,2026-05-12,103.1743959573933,105.04327689981925,107.67666910705415,110.31865663816669,114.21653051962718,119.76174925764411,123.1086071012269
72,2026-05-13,103.08393448224292,104.9080826758631,107.52580685620852,110.34980325303127,114.2800955062991,120.07552910460144,123.91693214697649
73,2026-05-14,103.09270850844402,104.85437714363951,107.45520340560944,110.30928537226126,114.60937780338422,120.6020418486846,124.53350505046683
74,2026-05-15,103.1162292133131,104.62881395573108,107.32559889928334,110.17091494562024,114.58355072601033,120.70186518605692,124.47746364185758
75,2026-05-16,102.8542894198292,104.4747461334373,107.13157587887679,110.23534309050761,114.60512280286878,120.698087497721,124.53906094311361
76,2026-05-17,102.4157580719144,104.41301447128109,106.98749273110164,110.15367848573189,114.75406145126647,120.81370428347724,124.60589176804575
77,2026-05-18,102.14139698868121,104.18627533315504,106.84669609687063,110.06804398622724,114.81487390114462,120.83709716959753,124.45946356266427
78,2026-05-19,102.3057912795515,104.00527744952964,106.82466143055564,109.87564332990577,114.40636125432195,120.85019264573216,124.70745627187605
79,2026-05-20,102.2723672128756,103.91764747492665,106.57599305808284,109.6184740880752,114.23459950841345,121.01740814537746,124.55635202352482
80,2026-05-21,102.20225950508281,103.64448435238377,106.21174864096986,109.48400592346879,114.04299486980636,120.40416581970155,123.64899738385789
81,2026-05-22,101.97519626618497,103.51237862794393,106.06668876498637,109.32197355339164,114.13057423206058,119.9875497564,123.4485668997016
82,2026-05-23,101.73878512889105,103.34005381879136,105.911138864088,109.10967250746451,113.74331917030702,119.51271340883315,123.0461428964607
83,2026-05-24,101.6123044814205,103.19695858721794,105.7104352658401,108.97983943503064,113.54747171522948,119.11692225819691,122.9030596156087
84,2026-05-25,101.360597344887,103.01850139893413,105.61345321819485,108.61937595942766,113.41220583190271,119.1440387554818,122.7669108900689
85,2026-05-26,101.03111362664055,102.75990935599705,105.23534350673184,108.40363361314397,112.92996395872055,118.89794860290921,122.39751112130966
86,2026-05-27,101.00630610968423,102.51282223429396,105.24655673808658,108.1817509392367,112.53564446839412,118.49954970792612,122.04764472435242
87,2026-05-28,100.79636621406276,102.49633562209516,104.96442217762541,108.00653597027762,112.2914955971429,118.17137138068938,121.67300305663522
88,2026-05-29,100.81251237519884,102.38025390774918,104.75044500556916,107.87913628595769,112.0733357158467,117.64847823128979,121.58082087009834
89,2026-05-30,100.70043417706339,102.1272065400097,104.51269380826486,107.60269287424838,111.79388875460293,117.79502892076992,121.09397038070412
90,2026-05-31,100.33727038720156,102.01897022381557,104.36399119157235,107.34851895115999,111.55479176806864,117.42001224261061,121.1366364746109
91,2026-06-01,100.18562348756336,101.7964666423769,104.13943373830945,107.12517680732594,111.5453031895791,117.23765252697687,120.55576137701085
92,2026-06-02,100.2703299444908,101.54230646634998,103.88509063309714,106.75633084379317,111.36267474838141,117.00420046353057,120.27795874810299
93,2026-06-03,100.05878059875093,101.42932136764556,103.69232137712886,106.48546693195539,111.07979718117406,116.67823455816415,120.25135565774448
94,2026-06-04,99.9813836962785,101.1866909565053,103.51934382061964,106.36729483372919,110.84090438311411,116.35091698834255,119.56041833460212
95,2026-06-05,99.810963063187,101.05634288631958,103.20149039287207,106.07793808251766,110.66759581354641,116.10507242293627,119.14278357955145
96,2026-06-06,99.67489761444497,100.97942981606514,102.95587374496458,105.88517252582028,110.40254936779888,116.09851234004498,118.7645606527816
97,2026-06-07,99.62831664587803,100.81539566812744,102.87731368960132,105.66489440808954,110.2981198972497,115.34530770865688,118.65539822795903
98,2026-06-08,99.35049811047628,100.60644720414001,102.7587391027009,105.51775557063482,110.0055134914754,115.19308840727682,118.13079129617374
99,2026-06-09,99.29699052856154,100.35631284436556,102.72952300828025,105.33043929255068,109.54108329398332,114.96742907480916,117.74441445864483
100,2026-06-10,99.12564789710001,100.32420199289079,102.35821004803313,105.19097252779576,109.31882296263844,114.48222733343913,117.36294999908546
101,2026-06-11,98.8987994701518,100.1092864974237,102.19250159148046,104.9990151907945,108.93827110393435,114.13555420611357,117.33932310494734
102,2026-06-12,98.7330975865092,99.83487076321127,101.9464112936974,104.76944305759412,108.74343843069954,113.7245870069684,117.00123640978136
103,2026-06-13,98.53901877548013,99.5542169193955,101.81911267368511,104.5569383743746,108.4453794804279,113.34973180431317,116.47868945321692
104,2026-06-14,98.33936991407056,99.40678749092312,101.6480490032436,104.32459349329332,108.16495712326949,112.85140407997052,115.89698261329067
105,2026-06-15,98.10232226172282,99.30176881423458,101.36927335679592,104.18939090928039,107.99300197381521,112.43409099907942,116.22613156759716
106,2026-06-16,97.90870740940525,99.07504374954839,101.15559563698122,104.03431595583302,107.8152884127627,112.55512736883401,115.8985754879409
107,2026-06-17,97.76190569463728,98.90774701290749,101.1126710951891,103.70164090563989,107.62324110151151,112.35708605236401,115.6031990829762
108,2026-06-18,97.66376447927702,98.80967860148253,100.89874002642205,103.55835310011344,107.24459107747805,112.08897974835811,115.59251289481875
109,2026-06-19,97.33821282884988,98.44548909814326,100.7055132539644,103.3852495682403,107.02243902647747,112.14956034765623,115.33996090645432
110,2026-06-20,97.07734368658242,98.33730822776332,100.43980187551762,103.08987962840365,106.96338353401273,112.02184693109363,115.35688618187255
111,2026-06-21,97.02961845801451,98.10860940135684,100.13860342702382,102.93051029458223,106.73059287907915,112.04974430979658,115.1485753107629
112,2026-06-22,96.82213039646201,97.80869969032516,100.11540587507662,102.75247790123623,106.62173198716388,112.03687935351576,114.8048282356584
113,2026-06-23,96.69431176579415,97.74204116696657,99.78540586768418,102.37449587268281,106.67291642198994,111.65305150212453,114.6378763468178
114,2026-06-24,96.4885377689237,97.62475742214818,99.74075356808932,102.34819963658228,106.45475403765684,111.64774057177566,114.5488226014112
115,2026-06-25,96.27163136554601,97.38426743513998,99.5224543534658,102.2291939865302,106.1325136524625,111.19090483349788,114.25670025053284
116,2026-06-26,96.00937819017805,97.16738021735182,99.2564007739519,102.01471748679552,106.0113627075081,111.16665654875109,113.73894180675543
117,2026-06-27,96.05987920863807,97.1072134981511,99.0688776422096,101.8128128393238,105.73532590385058,110.87336106922662,113.46735577677813
118,2026-06-28,96.06297874406883,96.99313885898766,99.03389650401016,101.6917493060431,105.55475346944432,110.96506992536712,113.39307594961556
119,2026-06-29,95.81936718585348,96.93319865787484,98.92588928460052,101.42225011070309,105.3541744985521,110.26864243525918,113.48826915830296
120,2026-06-30,95.4054193766198,96.74252738231601,98.66614597613575,101.15303393138711,104.83844386075715,109.74072240166466,112.9049937706253
121,2026-07-01,95.29623959228945,96.51720005748724,98.35952415150646,100.8930126495008,104.42515107253092,109.28383047785688,112.3827396753135
122,2026-07-02,94.98582433361379,96.14587433536552,97.9403870805585,100.45785671384039,103.83786078620315,108.6211523426321,111.93744376056765
123,2026-07-03,94.82685267392456,95.80495779067923,97.62547597512841,100.07722969367362,103.407690915829,107.982555851482,111.34394875418015
124,2026-07-04,94.58444098488103,95.6368728098337,97.43467050677424,99.72024695471228,102.88643078085438,107.43304188233881,111.00013129309328
125,2026-07-05,94.33951459271846,95.40797308037398,97.24829147610728,99.4634883389907,102.39104960621104,107.05290106304813,109.91384078706534
126,2026-07-06,94.16778832018117,95.06355760383119,96.94026816150526,99.23915114252681,101.97744312196649,106.11627537860653,110.12005703110216
127,2026-07-07,93.94789400314914,94.95012037129875,96.72835275841241,98.94546353491263,101.63465423457694,105.70148693757349,109.17945224044453
128,2026-07-08,93.62223009754021,94.7050351035819,96.51389368047751,98.74091652105406,101.41306070592263,105.4969366502291,108.98056258749085
129,2026-07-09,93.37860589398085,94.48787612595052,96.38913694957414,98.48588400376445,101.05330915041179,104.98057620107181,108.13454422532246
130,2026-07-10,93.37988729809922,94.42770379116291,96.23702594943431,98.19835240303959,100.90057441258486,104.47714613426471,107.67957467518907
131,2026-07-11,93.37387545400871,94.30145664752888,95.90160227859027,97.96471885405762,100.5264473815898,104.0480782678879,107.320711486235
132,2026-07-12,93.13016018936675,94.08740263329253,95.68011184144915,97.80809443532993,100.33758780039757,103.94764711602546,107.17252579796228
133,2026-07-13,92.90345396795777,93.85683157471952,95.57934740684824,97.59530543346652,100.03385100041126,103.71800002446007,107.0688038709114
134,2026-07-14,92.68184346961318,93.75304268114539,95.41594250444855,97.41264763383488,99.90309736514541,103.26535056509246,106.78223228745536
135,2026-07-15,92.66006913199855,93.64871011101867,95.28315005177606,97.24585374492403,99.81247167881764,103.08839376163918,106.39598559834323
136,2026-07-16,92.41007047001783,93.40566501751253,94.95023321010648,97.09620108618094,99.42020073544192,102.76785253115378,105.9437829753231
137,2026-07-17,92.17575142743699,93.15134739120725,94.83714525713904,96.87579316969078,99.27514562539386,102.29282339863099,105.70891930146473
138,2026-07-18,92.223923964036,93.15617166644738,94.79675473968705,96.75423093866442,99.19861830422138,102.30895388767861,105.74655705834432
139,2026-07-19,92.02495591660305,93.02990920499451,94.61896057398829,96.67527812911528,98.94679504772873,102.34159271343674,105.92964651346009
140,2026-07-20,92.00356693662337,92.9459625725965,94.55116408992154,96.38939179489275,98.824943002558,102.4547551767659,105.68765679200871
141,2026-07-21,91.79138189296422,92.86374418121432,94.32996711807769,96.28490185574668,98.68689633550055,102.4238651735738,105.48662236440262
142,2026-07-22,91.62433822386016,92.57436071575329,94.22089559129282,96.12492794026986,98.62678581649675,102.21243324780852,105.85805653576996
143,2026-07-23,91.45464171710849,92.42447225945548,94.10625504478068,96.09579596491064,98.47349386493627,101.89249666072307,105.59355620517978
144,2026-07-24,91.43612688025553,92.30469621094714,93.84111337724137,95.84183896430247,98.44295403858568,101.70928014360217,105.12025318647031
145,2026-07-25,91.2983137883018,92.17006467975517,93.75495323366111,95.76962881119788,98.28555071078554,101.58226717727908,104.84105585843521
146,2026-07-26,91.0720623992765,92.03598150283354,93.64078446322586,95.62512679362533,98.06236721499494,101.55372561777301,105.00181894118195
147,2026-07-27,90.79453071630228,91.88626350301743,93.52835462532678,95.5082781086766,97.87113264267481,101.56191931194205,105.34315044030207
148,2026-07-28,90.70463311133375,91.76525822087639,93.43825590666157,95.43021587159257,97.83621838442798,101.56275055834905,105.31605843454693
149,2026-07-29,90.56884199313373,91.63771621563878,93.28655920310746,95.3068311917746,97.66791253174344,101.2455678070869,104.70713741438027
150,2026-07-30,90.51059930124234,91.47776044566051,93.09565982005495,95.01740503538076,97.48914030046919,101.07076179747077,104.16764337744006
151,2026-07-31,90.52299354563317,91.41706073744345,92.96913706809485,94.80347595059655,97.30177330622641,100.69354115076945,103.99533608824758
152,2026-08-01,90.29991304695326,91.18506615432945,92.72626022604442,94.70813588909678,96.9154053526452,100.41760276389765,103.52912020666025
153,2026-08-02,90.20044451948037,91.08482450288949,92.62928343736205,94.58543773362643,96.67360238483697,99.89134517073201,103.34665277899337
154,2026-08-03,90.1791706890399,90.9508608031532,92.52566129009267,94.40935958091674,96.53019018832461,99.77592172667259,102.94468180557345
155,2026-08-04,90.02420766746404,90.84789842768312,92.40956395828871,94.27133952664207,96.35691571364184,99.489025844858,102.36867734720025
156,2026-08-05,89.83142502704146,90.69024619259775,92.24996925279734,94.08566037988653,96.24183877988584,99.14012120339854,102.34253486309099
157,2026-08-06,89.7330074880311,90.56798294398685,92.04997409796053,93.88122029546771,96.06338730907078,99.14092499611478,101.85638191363675
158,2026-08-07,89.38465498952607,90.26501717319545,91.95841272007696,93.74225798415341,96.00163111997,98.68077412164334,101.43536307651016
159,2026-08-08,89.34325708333627,90.25908563119762,91.74713966071641,93.60317556952057,95.73628293821106,98.58432475868533,101.35682816884926
160,2026-08-09,89.27195830229324,90.08673182641832,91.62801317155015,93.51249308259091,95.57029843231297,98.56188642532568,101.21238178081154
161,2026-08-10,89.22941295614604,90.0071660347027,91.54700515609828,93.3295599718127,95.5439934622746,98.52791267443283,101.26720308178865
162,2026-08-11,89.03356504756478,89.88039610611314,91.49133803589936,93.25383631539084,95.41792199516664,98.22896788273448,101.44098369921142
163,2026-08-12,88.92604500131432,89.85584100575826,91.31965982707024,93.12710270504135,95.30979555153694,97.9621989640186,100.9891643329028
164,2026-08-13,88.82504017467667,89.67208744447028,91.20641940748271,93.08662467950411,95.17758705345399,97.90558011465228,100.8563506087938
165,2026-08-14,88.70389351393558,89.55892194462308,91.01521449296479,92.87328513103162,94.99023010421992,97.66823121777702,100.7660656527591
166,2026-08-15,88.68318482099664,89.43260247231252,90.94811543811772,92.75348678872734,94.87322680039198,97.61169069046169,100.18346379579722
167,2026-08-16,88.59339194539753,89.36415031132118,90.84289498716333,92.70635996634164,94.65273873982122,97.20350447878957,99.50002450909645
168,2026-08-17,88.42239499255174,89.23592172642232,90.80822075985326,92.52617293829752,94.59889642883867,96.96846182817653,99.49444011534084
169,2026-08-18,88.2229025928704,89.09881182360108,90.64416957319116,92.29081795809492,94.49493028539861,96.91523075256917,99.76085149724956
170,2026-08-19,88.06745712310482,88.88109867662058,90.41490501675307,92.18592583064385,94.24539499332985,96.6222933658746,99.231712025328
171,2026-08-20,88.01678868372159,88.92719274184113,90.29279448682534,92.10986828737433,94.05025908782144,96.49049408634258,99.1685020470168
172,2026-08-21,88.00674416577583,88.80834349556058,90.2101128814283,91.93691375736952,93.96571644147608,96.46523178308172,98.91387884285797
173,2026-08-22,87.93225963448823,88.67187674692461,90.17836046606716,91.89072531030985,93.93806960591235,96.25834467784976,99.11957304389803
174,2026-08-23,87.84045756903824,88.6148910035354,90.05799155016494,91.79652043213814,93.80490565487622,96.37897795354776,98.99892965674321
175,2026-08-24,87.67992220285811,88.60299298815475,90.00511318427998,91.72088807767324,93.75224779214753,96.19806437282962,99.04631504885528
176,2026-08-25,87.60539330479826,88.4215253263288,89.88638950139634,91.5397762083239,93.6808524538967,96.06248224129973,98.82984424085184
177,2026-08-26,87.44095089991491,88.30142970410738,89.83895794460626,91.55784436619768,93.52664884287569,96.02538073579407,99.09167080097562
178,2026-08-27,87.35782783612883,88.21846185253118,89.71084500207573,91.46600450032741,93.43052957390641,96.26711737326703,98.63790871187196
179,2026-08-28,87.35481006098978,88.1261904323641,89.54602889727315,91.34300359561385,93.34367901235987,96.22338166837537,98.88015681770634
180,2026-08-29,87.28556107986701,88.07138974680558,89.46119171858587,91.24343368321786,93.24191565588399,96.20221399027268,98.27811467056571
