day_index,step_index,time_axis,trade_date,actual_price,simulated_price,effective_supply,effective_demand,gross_shortage,supply_gap,spr_release,route_supply,inventory_buffer,total_buffer_supply,buffer_coverage_ratio,buffer_coverage_momentum,inventory_remaining,demand_decline,demand_elasticity,fear_factor,shortage_pressure,blockade_risk_premium,uncertainty_premium,panic_premium,buffer_confirmation_discount,expectation_relief_discount,candidate_id,naive_price,ridge_price,mechanism_plus_ridge_return,mechanism_plus_phase_ridge,online_corrected_price,regime_corrected_price,ridge_assist_phase,phase_gated_ridge_correction,事件段,机制误差,机制绝对误差,朴素价格,朴素误差,阶段Ridge误差,机制加Ridge误差,风险上行压力,缓冲折价,净机制压力,缓冲供给,剩余缺口占需求,实际日变化,模型日变化,拐点错向
0,0,calendar,2026-03-02,78.07,77.23048932595619,9127.0405309033,9979.52380952381,1452.483278620508,852.4832786205079,0.0,0.0,600.0,600.0,0.4130856505073493,0.4130856505073493,57400.0,20.47619047619047,-0.05,1.1718691044054057,3.27227901426319,0.0,0.0,5.66214171008388,0.0,0.0,36003,73.21,73.97990994039694,78.00039926635313,77.23048932595619,77.23048932595619,77.23048932595619,未启用,0.0,初始冲击吸收,-0.8395106740438081,0.8395106740438081,73.21,-4.859999999999999,-0.8395106740438081,-0.06960073364686536,8.93442072434707,0.0,8.93442072434707,600.0,0.08542324211972452,,,False
1,1,calendar,2026-03-03,81.96,80.77764470982913,9127.0405309033,9931.075422512242,1404.0348916089406,804.0348916089406,0.0,0.0,600.0,600.0,0.4273398072838743,0.0142541567765249,56800.0,40.95238095238095,-0.0523946678811753,1.152434221137429,2.945250688768364,2.8733297638332425,1.170578768521208,5.021869198262027,0.0,0.0,36003,78.07,79.01927653827848,81.72692124810762,80.77764470982913,80.94554684463789,80.94554684463789,未启用,0.0,初始冲击吸收,-1.182355290170861,1.182355290170861,78.07,-3.8900000000000006,-1.182355290170861,-0.23307875189237848,12.011028419384843,0.0,12.011028419384843,600.0,0.08096151296830507,3.8900000000000006,3.5471553838729477,False
2,2,calendar,2026-03-04,82.58,83.95722200249233,9127.0405309033,9884.82110378902,1357.7805728857184,757.7805728857184,0.0,0.0,600.0,600.0,0.4418976173188337,0.0145578100349594,56200.0,61.42857142857142,-0.0547893357623506,1.1351970259818482,2.65449489346151,5.342742067541697,2.2778988387050627,4.453998422459,0.0,0.0,36003,81.96,83.1496887235997,85.14691072609203,83.95722200249233,84.1936930605265,84.1936930605265,未启用,0.0,初始冲击吸收,1.3772220024923314,1.3772220024923314,81.96,-0.6200000000000045,1.3772220024923314,2.5669107260920327,14.72913422216727,0.0,14.72913422216727,600.0,0.07666103057699732,0.6200000000000045,3.179577292663197,False
3,3,calendar,2026-03-05,84.31,86.64126219579065,9227.0405309033,9840.07319422184,1313.0326633185396,613.0326633185396,100.0,0.0,600.0,700.0,0.5331169738236596,0.0912193565048258,55600.0,81.9047619047619,-0.0571840036435259,1.1199090053266818,2.0575174106824416,7.463450832588452,3.325378744205985,3.9503422259848664,0.0,0.0,36003,82.58,82.64258822739177,86.70385042318242,86.64126219579065,86.36581779529217,86.36581779529217,未启用,0.0,初始冲击吸收,2.331262195790643,2.331262195790643,82.58,-1.730000000000004,2.331262195790643,2.393850423182414,16.796689213461743,0.0,16.796689213461743,700.0,0.06229960399873007,1.730000000000004,2.6840401932983156,False
4,4,calendar,2026-03-06,93.32,88.94202859805333,9327.0405309033,9797.764156316083,1270.723625412782,470.723625412782,200.0,0.0,600.0,800.0,0.6295625453096679,0.0964455714860083,55000.0,102.38095238095238,-0.0595786715247012,1.1063497473706605,1.516385570409317,9.28312853194167,4.316252279304147,3.5036392522527255,0.0,0.0,36003,84.31,84.56772215784163,89.19975075589495,88.94202859805333,88.4757761588952,88.4757761588952,未启用,0.0,初始冲击吸收,-4.377971401946667,4.377971401946667,84.31,-9.009999999999991,-4.377971401946667,-4.12024924410504,18.61940563390786,0.0,18.61940563390786,800.0,0.048043984107265146,9.009999999999991,2.3007664022626813,False
7,5,calendar,2026-03-09,89.79,92.29542330460936,9491.759226373444,9707.075854005168,1180.035323101867,215.31662763172423,500.0,0.0,464.7186954701435,964.7186954701436,0.8175337437647735,0.1879711984551055,54535.28130452985,163.8095238095238,-0.0667626751682271,1.0741977010241448,0.6189824006736171,13.32024333382946,6.979007418654406,2.4444061613899364,0.0,0.0,36003,93.32,95.61591197778483,94.5913352823942,92.29542330460936,93.1710175849987,93.1710175849987,未启用,0.0,初始冲击吸收,2.5054233046093515,2.5054233046093515,93.32,3.529999999999987,2.5054233046093515,4.8013352823941915,23.36263931454742,0.0,23.36263931454742,964.7186954701435,0.022181409815900836,-3.529999999999987,3.3533947065560312,True
8,6,calendar,2026-03-10,91.4,94.80138294609966,9489.050345882722,9656.779196240455,1129.738665337156,167.7288503577347,600.0,0.0,362.00981497942144,962.0098149794214,0.851533053170595,0.0339993094058215,54173.27148955043,184.28571428571428,-0.0691573430494024,1.0658074573957437,0.4654831159649693,14.294921156616423,7.772436919767904,2.167993780174073,0.0,0.0,36003,89.79,92.0265975106879,97.03798045678757,94.80138294609966,94.3002982851778,94.3002982851778,未启用,0.0,初始冲击吸收,3.401382946099659,3.401382946099659,89.79,-1.6099999999999994,3.401382946099659,5.6379804567875595,24.70083497252337,0.0,24.70083497252337,962.0098149794214,0.01736902614725149,1.6099999999999994,2.505959641490307,False
9,7,calendar,2026-03-11,90.93,96.72080236212186,9490.118742755818,9612.009929685928,1084.9693987826267,121.89118693011004,700.0,0.0,263.07821185251686,963.0782118525168,0.8876547236568368,0.0361216704862418,53910.19327769792,204.76190476190476,-0.0715520109305777,1.0583659788526787,0.326952697299826,15.125321216742377,8.52298906925619,1.9228379903120696,0.0,0.0,36003,91.4,92.02222506993608,97.34302743205792,96.72080236212186,96.04052577290192,96.04052577290192,未启用,0.0,初始冲击吸收,5.790802362121852,5.790802362121852,91.4,0.46999999999999886,5.790802362121852,6.413027432057916,25.89810097361046,0.0,25.89810097361046,963.0782118525169,0.012681134104289551,-0.46999999999999886,1.919419416022194,True
10,8,calendar,2026-03-12,101.75,98.29792410509916,9462.045135541406,9570.929067782205,1043.888536878903,108.88393224079846,700.0,0.0,235.004604638105,935.004604638105,0.8956939094605371,0.0080391858037002,53675.18867305981,225.23809523809524,-0.073946678811753,1.0517659794534422,0.2826048337173394,15.831193884050707,9.23298098197296,1.705404310103923,0.0,0.0,36003,90.93,91.27517062964334,98.64309473474248,98.29792410509916,97.1397636326748,97.1397636326748,未启用,0.0,初始冲击吸收,-3.452075894900844,3.452075894900844,90.93,-10.819999999999993,-3.452075894900844,-3.1069052652575238,27.05218400984493,0.0,27.05218400984493,935.004604638105,0.01137652692540843,10.819999999999993,1.5771217429772975,False
11,9,calendar,2026-03-13,103.89,99.63394509222624,9435.33361172596,9531.841379024594,1004.8008481212928,96.50776729863357,700.0,0.0,208.29308082265945,908.2930808226596,0.9039533381375257,0.0082594286769884,53466.89559223715,245.7142857142857,-0.0763413466929283,1.0459123051039383,0.2426257628750436,16.429591792074685,9.904604554654613,1.5125579354966938,0.0,0.0,36003,101.75,102.29634548916398,100.18029058139022,99.63394509222624,100.32436027120642,100.32436027120642,未启用,0.0,初始冲击吸收,-4.256054907773759,4.256054907773759,101.75,-2.1400000000000006,-4.256054907773759,-3.7097094186097763,28.089380045101038,0.0,28.089380045101038,908.2930808226595,0.010124776888440976,2.1400000000000006,1.3360209871270854,False
14,10,calendar,2026-03-16,101.02,101.49472884771475,9371.7110909054,9438.74083901082,911.70030810752,67.02974810542219,700.0,0.0,144.67056000209703,844.6705600020971,0.9264783092543192,0.0225249711167937,53322.22503223506,307.14285714285717,-0.0835253503364542,1.032031928346368,0.1540223494495581,17.717389603785737,11.709445491989456,1.0552758634069168,0.0,0.0,36003,103.89,104.16845876714794,101.77318761486268,101.49472884771475,101.692674940462,101.69056683608076,未启用,0.0,未分段,0.47472884771475776,0.47472884771475776,103.89,2.8700000000000045,0.47472884771475776,0.7531876148626822,30.636133308631667,0.0,30.636133308631667,844.6705600020971,0.007101556155497422,-2.8700000000000045,1.8607837554885123,True
15,11,calendar,2026-03-17,103.5,102.85008405019607,9342.232693899714,9395.604310552448,868.5637796491465,53.37161665273379,700.0,0.0,115.19216299641212,815.1921629964121,0.9385518739058016,0.0120735646514822,53207.03286923865,327.6190476190476,-0.0859200182176295,1.028409771877853,0.1192203685211747,18.014346683697646,12.247239607316272,0.9359457296299384,0.0,0.0,36003,101.02,99.62129267374678,101.45137672394286,101.45137672394286,102.84024779327152,102.84033560784026,高位平台形成,-1.3987073262532164,高位平台形成,-0.6499159498039262,0.6499159498039262,101.02,-2.480000000000004,-2.0486232760571426,-2.0486232760571426,31.31675238916503,0.0,31.31675238916503,815.1921629964121,0.005680487905689125,2.480000000000004,1.35535520248132,False
16,12,calendar,2026-03-18,109.65,103.87468301155812,9315.270094613385,9356.149216328626,829.1086854253244,40.879121715242945,700.0,0.0,88.22956371008128,788.2295637100813,0.9506950989250914,0.0121432250192898,53118.80330552856,348.0952380952381,-0.0883146860988048,1.0251972072809403,0.0888388829587873,18.259898890836844,12.755971043032009,0.8301093952669434,0.0,0.0,36003,103.5,103.19885012661356,103.57353313817168,103.57353313817168,103.88631917019592,103.79510537902613,高位平台形成,-0.3011498733864357,高位平台形成,-5.775316988441887,5.775316988441887,103.5,-6.150000000000006,-6.076466861828322,-6.076466861828322,31.934818212094584,0.0,31.934818212094584,788.2295637100813,0.004369225070064028,6.150000000000006,1.0245989613620452,False
17,13,calendar,2026-03-19,103.07,102.9685601739979,9289.925439655157,9319.061703406456,792.021172503155,29.13626375129934,700.0,0.0,62.88490875185509,762.884908751855,0.9632127716242536,0.0125176726991622,53055.91839677671,368.57142857142856,-0.0907093539799801,1.0223479180856645,0.0616476105754242,18.461110536862133,13.237210361777846,0.7362409873731729,3.829303406301629,0.0,36003,109.65,110.70741336560482,104.02597353960272,104.02597353960272,103.26571014631172,105.24158347600898,高位平台形成,1.057413365604816,高位平台形成,-0.10143982600209256,0.10143982600209256,109.65,6.5800000000000125,0.9559735396027236,0.9559735396027236,32.49620949658858,3.829303406301629,28.666906090286947,762.884908751855,0.0031265233216182025,-6.5800000000000125,-0.9061228375602184,False
18,14,calendar,2026-03-20,104.41,101.7005437911415,9275.786552873637,9298.371891409448,771.3313605061467,22.585338535813207,700.0,0.0,48.74602197033429,748.7460219703343,0.9707190194873032,0.0075062478630495,53007.172374806374,389.04761904761904,-0.0931040218611554,1.0198208252682568,0.0465578187449763,18.624080897932437,13.69244325215571,0.6529871780500858,6.061283752469489,0.0,36003,103.07,102.27611647471736,100.90666026585887,100.90666026585887,101.70497238648788,101.71202585741597,高位平台形成,-0.7938835252826237,高位平台形成,-2.709456208858498,2.709456208858498,103.07,-1.3400000000000034,-3.5033397341411217,-3.5033397341411217,33.016069146883204,6.061283752469489,26.954785394413715,748.7460219703343,0.002428956251650817,1.3400000000000034,-1.268016382856402,True
21,15,calendar,2026-03-23,96.07,100.74600096699176,9239.810238931832,9245.726786932471,718.686256029172,5.916548000641342,700.0,0.0,12.769708028530014,712.76970802853,0.9917675509292028,0.0210485314418996,52994.402666777845,430.0,-0.1002880255046813,1.0138285205528532,0.0113227983711173,18.932705905109895,14.915781726257602,0.4555736953534741,7.912756028086655,0.0,36003,104.41,104.49770523666707,100.83370620365883,100.83370620365883,100.86941519859434,101.07329784804789,高位平台形成,0.0877052366670767,高位平台形成,4.676000966991765,4.676000966991765,104.41,8.340000000000003,4.763706203658842,4.763706203658842,34.31538412509209,7.912756028086655,26.402628097005433,712.76970802853,0.0006399224351949861,-8.340000000000003,-0.9545428241497405,False
22,16,calendar,2026-03-24,95.96,100.4675334152173,9241.008359518672,9247.480028900847,720.4394979975477,6.471669382177424,700.0,0.0,13.967828615370513,713.9678286153705,0.991017053617736,-0.0007504973114669,52980.43483816247,430.0,-0.1026826933858567,1.012264797487889,0.0120963274011434,18.988655272084365,15.280303728621089,0.4040576208397526,7.75924141331468,0.0,36003,96.07,95.44438364659727,99.84191706181458,99.84191706181458,100.4675334152173,101.3660063699056,高位平台形成,-0.6256163534027195,高位平台形成,4.50753341521731,4.50753341521731,96.07,0.10999999999999943,3.8819170618145904,3.8819170618145904,34.68511294894635,7.75924141331468,26.925871535631668,713.9678286153705,0.0006998305875710709,-0.10999999999999943,-0.2784675517744546,False
23,17,calendar,2026-03-25,98.06,100.5920933521972,9242.15856462222,9242.896844203184,715.8563132998825,0.7382795809626259,700.0,13.524602094378793,1.5934316245394375,715.1180337189182,0.9989686763010288,0.0079516226832929,52978.84140653793,430.0,-0.105077361267032,1.0108778995442058,0.0013484851285647,19.02641671394038,15.625126768381676,0.3583669615340889,7.469220665236015,0.0,36003,95.96,95.20694111440729,99.83903446660447,99.83903446660447,100.20367499734483,99.7101487598208,高位平台形成,-0.753058885592722,高位平台形成,2.532093352197194,2.532093352197194,95.96,-2.1000000000000085,1.7790344666044717,1.7790344666044717,35.01125892898471,7.469220665236015,27.542038263748694,715.1180337189182,7.98753457283956e-05,2.1000000000000085,0.12455993697989243,False
24,18,calendar,2026-03-26,100.1,100.9556386414278,9254.08973509206,9234.281356328986,707.2408254256843,0.0,700.0,27.049204188757585,0.0,727.0492041887576,1.0280079685037282,0.0290392922026992,52978.84140653793,430.0,-0.1074720291482073,1.0096478314143125,0.0,19.048516486928417,15.951315387940422,0.3178429820288149,7.120869372355286,0.0,36003,98.06,98.27205977706386,101.16769841849164,101.16769841849164,100.61168339411574,100.23993183100208,高位平台形成,0.2120597770638568,高位平台形成,0.8556386414278023,0.8556386414278023,98.06,-2.039999999999992,1.067698418491645,1.067698418491645,35.31767485689765,7.120869372355286,28.196805484542367,727.0492041887576,0.0,2.039999999999992,0.3635452892306006,False
25,19,calendar,2026-03-27,106.29,101.46111195634238,9267.614337186438,9223.103988868726,696.0634579654252,0.0,700.0,40.57380628313638,0.0,740.5738062831364,1.0639458196064675,0.0359378511027395,52978.84140653793,430.0,-0.1098666970293826,1.0085568588513554,0.0,19.057135636368574,16.25987660126164,0.2819014364284802,6.723940040804294,0.0,36003,100.1,100.50106002758926,101.86217198393165,101.86217198393165,101.33936697037824,101.21596364665446,高位平台形成,0.401060027589267,高位平台形成,-4.828888043657628,4.828888043657628,100.1,-6.190000000000012,-4.427828016068361,-4.427828016068361,35.59891367405869,6.723940040804294,28.8749736332544,740.5738062831364,0.0,6.190000000000012,0.5054733149145818,False
28,20,calendar,2026-03-30,108.89,102.62595180051504,9308.188143469572,9195.216271644056,668.1757407407549,0.0,700.0,81.14761256627276,0.0,781.1476125662728,1.1690750874916152,0.1051292678851474,52978.84140653793,430.0,-0.1170507006729085,1.005969917846122,0.0,19.01968759326166,17.089067136150476,0.1966759584815683,5.451413850027444,0.0,36003,106.29,108.03352586660942,104.36947766712446,104.36947766712446,103.2116157115292,103.78318016804543,高位平台形成,1.743525866609417,高位平台形成,-6.264048199484961,6.264048199484961,106.29,-2.5999999999999943,-4.520522332875544,-4.520522332875544,36.30543068789371,5.451413850027444,30.85401683786627,781.1476125662728,0.0,2.5999999999999943,1.1648398441726613,False
29,21,calendar,2026-03-31,103.53,103.5396652036144,9321.712745563951,9174.59247042783,647.5519395245283,0.0,700.0,94.67221466065156,0.0,794.6722146606515,1.227194555612246,0.0581194681206309,52978.84140653793,430.0,-0.1194453685540838,1.0052948421432482,0.0,18.990811548953328,17.336143640746172,0.1744359269882381,5.051214666491493,0.0,36003,108.89,109.50477937214497,104.15444457575936,104.15444457575936,105.06274355125072,105.90815737941573,高位平台形成,0.6147793721449659,高位平台形成,0.009665203614403595,0.009665203614403595,108.89,5.359999999999999,0.6244445757593553,0.6244445757593553,36.50139111668774,5.051214666491493,31.45017645019625,794.6722146606515,0.0,-5.359999999999999,0.913713403099365,True
30,22,calendar,2026-04-01,100.24,103.82104014512149,9335.23734765833,9156.468414481347,629.427883578046,0.0,700.0,108.19681675503034,0.0,808.1968167550303,1.2840181343107242,0.056823578698478,52978.84140653793,430.0,-0.1218400364352591,1.004696103706038,0.0,18.95562446013621,17.569867999812857,0.1547107885435704,4.6695189008457545,1.0524151715877983,36003,103.53,102.41840472028542,102.70944486540692,102.70944486540692,103.81904126452828,103.82078792146464,中期再定价回落,-1.111595279714578,中期再定价回落,3.5810401451214915,3.5810401451214915,103.53,3.2900000000000063,2.4694448654069276,2.4694448654069276,36.68020324849263,5.721934072433553,30.95826917605908,808.1968167550303,0.0,-3.2900000000000063,0.28137494150708164,True
31,23,calendar,2026-04-02,109.24,103.7409699142556,9348.76194975271,9145.285584002082,618.2450530987808,0.0,700.0,121.72141884940916,0.0,821.7214188494091,1.3291192784006276,0.0451011440899034,52978.84140653793,430.0,-0.1242347043164344,1.0041650703498284,0.0,18.915029244339188,17.790961770386147,0.1372161601399193,4.3097672450578175,2.0973834457423015,36003,100.24,99.8952741586592,103.3962440729148,103.3962440729148,102.9998988669811,103.5844664166446,中期再定价回落,-0.3447258413407894,中期再定价回落,-5.499030085744394,5.499030085744394,100.24,-9.0,-5.843755927085198,-5.843755927085198,36.843207174865256,6.407150690800119,30.436056484065137,821.7214188494091,0.0,9.0,-0.0800702308658856,True
35,24,calendar,2026-04-06,109.7,102.4642123415239,9402.860358130223,9114.283806294226,587.2432753909252,0.0,700.0,175.8198272269243,0.0,875.8198272269243,1.4914088656764866,0.1622895872758589,52978.84140653793,430.0,-0.1338133758411356,1.002577276358178,0.0,18.7126418308598,18.56214080271537,0.0849070809819938,3.1055829658861493,6.551554807198891,36003,109.24,111.12526007665086,104.34947241817476,104.34947241817476,103.15869727362106,100.5548744986043,中期再定价回落,1.8852600766508656,中期再定价回落,-7.235787658476099,7.235787658476099,109.24,-0.46000000000000796,-5.350527581825247,-5.350527581825247,37.35968971455716,9.65713777308504,27.702551941472123,875.8198272269243,0.0,0.46000000000000796,-1.2767575727316967,True
36,25,calendar,2026-04-07,103.42,101.61214623600311,9416.384960224605,9122.419369653426,595.3788387501245,0.0,700.0,189.3444293213031,0.0,889.3444293213031,1.4937454464930244,0.0023365808165378,52978.84140653793,430.0,-0.1362080437223109,1.002285839073136,0.0,18.65477183946956,18.72961162403044,0.075305825344929,2.858726215336676,7.238611870446996,36003,109.24,109.56433363607736,101.93647987208048,101.93647987208048,103.37291977877015,104.38616771151749,中期再定价回落,0.3243336360773554,中期再定价回落,-1.8078537639968886,1.8078537639968886,109.24,5.819999999999993,-1.483520127919519,-1.483520127919519,37.45968928884493,10.097338085783672,27.362351203061255,889.3444293213031,0.0,-6.280000000000001,-0.852066105520791,False
37,26,calendar,2026-04-08,96.7,100.82430395283995,9416.384960224605,9125.7858573235,598.7453264201995,0.0,700.0,189.3444293213031,0.0,889.3444293213031,1.4853467577585084,-0.0083986887345159,52978.84140653793,430.0,-0.1386027116034862,1.0020273573890108,0.0,18.594834032377968,18.888032233219025,0.0667902755022704,2.631068145969691,8.265766779021634,36003,103.42,102.39242521887527,99.79672917171524,99.79672917171524,101.26594365226887,101.44182707321367,中期再定价回落,-1.027574781124727,中期再定价回落,4.124303952839952,4.124303952839952,103.42,6.719999999999999,3.096729171715239,3.096729171715239,37.54965654109927,10.896834924991325,26.652821616107943,889.3444293213031,0.0,-6.719999999999999,-0.7878422831631582,False
38,27,calendar,2026-04-09,96.41,100.05687519116827,9416.384960224605,9128.771803486,601.7312725826996,0.0,700.0,189.3444293213031,0.0,889.3444293213031,1.4779760830846216,-0.0073706746738868,52978.84140653793,430.0,-0.1409973794846615,1.0017981047008433,0.0,18.533150645157487,19.03789170855094,0.0592376603169329,2.4212935330475287,9.298806150251812,36003,96.7,95.85648560433803,99.2133607955063,99.2133607955063,99.14315345396275,98.99936442725974,中期再定价回落,-0.8435143956619697,中期再定价回落,3.6468751911682773,3.6468751911682773,96.7,0.29000000000000625,2.8033607955063076,2.8033607955063076,37.63028001402536,11.72009968329934,25.91018033072602,889.3444293213031,0.0,-0.29000000000000625,-0.7674287616716811,False
39,28,calendar,2026-04-10,94.26,99.28932203883262,9416.384960224605,9131.919095583193,604.8785646798915,0.0,700.0,189.3444293213031,0.0,889.3444293213031,1.4702859073737455,-0.007690175710876,52978.84140653793,430.0,-0.1433920473658368,1.001594775806535,0.0,18.469999742667603,19.17965269824657,0.0525390915583968,2.2280770126355245,10.331783395557382,36003,96.41,95.69054286208164,98.56986490091424,98.56986490091424,98.37317601549894,98.02323273305244,中期再定价回落,-0.7194571379183685,中期再定价回落,5.029322038832618,5.029322038832618,96.41,2.1499999999999915,4.309864900914235,4.309864900914235,37.70219153247257,12.559860408192907,25.14233112427966,889.3444293213031,0.0,-2.1499999999999915,-0.7675531523356511,False
42,29,calendar,2026-04-13,98.0,97.7146204551551,9416.384960224605,9121.552105269038,594.511574365737,0.0,700.0,189.3444293213031,0.0,889.3444293213031,1.495924499485334,0.0256385921115884,52978.84140653793,430.0,-0.1505760510093627,1.0011126373256105,0.0,18.273981080802155,19.56060424302066,0.0366552803735718,1.7358215232143777,13.552755347649851,36003,94.26,93.88879404813122,97.34341450328633,97.34341450328633,96.25934256968245,95.78617975220632,中期再定价回落,-0.371205951868788,中期再定价回落,-0.2853795448449006,0.2853795448449006,94.26,-3.739999999999995,-0.6565854967136744,-0.6565854967136744,37.87124060419639,15.28857687086423,22.582663733332158,889.3444293213031,0.0,3.739999999999995,-1.5747015836775233,True
43,30,calendar,2026-04-14,95.34,96.5210057060935,9416.384960224605,9137.9551902862,610.9146593828973,0.0,700.0,189.3444293213031,0.0,889.3444293213031,1.455758861998263,-0.0401656374870709,52978.84140653793,430.0,-0.1529707188905381,1.0009868207827382,0.0,18.207051993890296,19.674117569744453,0.0325103172769181,1.596986964953567,14.46385070014611,36003,98.0,98.39325653583812,96.91426224193162,96.91426224193162,96.59761365153231,96.62648692781391,中期再定价回落,0.3932565358381197,中期再定价回落,1.1810057060935009,1.1810057060935009,98.0,2.6599999999999966,1.5742622419316206,1.5742622419316206,37.913679880911666,16.060837665099676,21.85284221581199,889.3444293213031,0.0,-2.6599999999999966,-1.1936147490615951,False
44,31,calendar,2026-04-15,94.87,95.47411909801804,9416.384960224605,9149.61737242219,622.5768415188886,0.0,700.0,189.3444293213031,0.0,889.3444293213031,1.4284894169072957,-0.0272694450909674,52978.84140653793,430.0,-0.1553653867717133,1.0008752315195877,0.0,18.139567746067367,19.781496576005935,0.0288340647970576,1.4692423068100855,15.49544511822806,36003,95.34,95.64837831264752,95.78249741066556,95.78249741066556,95.1580997062834,95.0403723425259,中期再定价回落,0.3083783126475197,中期再定价回落,0.6041190980180318,0.6041190980180318,95.34,0.46999999999999886,0.9124974106655515,0.9124974106655515,37.949898386870366,16.964687425038147,20.98521096183222,889.3444293213031,0.0,-0.46999999999999886,-1.046886608075468,False
45,32,calendar,2026-04-16,98.21,94.50082903946029,9416.384960224605,9159.762672055083,632.7221411517821,0.0,700.0,189.3444293213031,0.0,889.3444293213031,1.405584491957838,-0.0229049249494577,52978.84140653793,430.0,-0.1577600546528887,1.000776260721581,0.0,18.07164287129451,19.883072763740778,0.0255735213421371,1.3516948796331882,16.526792137754533,36003,94.87,94.94449528066446,94.57532432012474,94.57532432012474,94.33868645513331,94.27818420122716,中期再定价回落,0.0744952806644505,中期再定价回落,-3.7091709605397085,3.7091709605397085,94.87,-3.339999999999989,-3.634675679875258,-3.634675679875258,37.980289156377424,17.878487017387723,20.1018021389897,889.3444293213031,0.0,3.339999999999989,-0.9732900585577511,True
46,33,calendar,2026-04-17,92.42,93.56150762834372,9416.384960224605,9169.4071615431,642.366630639799,0.0,700.0,189.3444293213031,0.0,889.3444293213031,1.384481053188447,-0.0211034387693909,52978.84140653793,430.0,-0.160154722534064,1.0006884814981911,0.0,18.0033761056517,19.979159720344008,0.0226816787171638,1.2435284945646148,17.55775322192811,36003,98.21,98.85364352611953,94.20515115446324,94.20515115446324,94.53639532995672,94.87277573490562,中期再定价回落,0.6436435261195186,中期再定价回落,1.1415076283437173,1.1415076283437173,98.21,5.789999999999992,1.785151154463236,1.785151154463236,38.005217504712874,18.801281716492724,19.20393578822015,889.3444293213031,0.0,-5.789999999999992,-0.9393214111165662,False
49,34,calendar,2026-04-20,93.8,97.35308363286718,9416.384960224605,9167.849601313736,640.8090704104343,0.0,700.0,189.3444293213031,0.0,889.3444293213031,1.3878461937994782,0.0033651406110311,52978.84140653793,430.0,-0.1673387261775899,1.000480337242226,0.0,17.79731815780691,20.237372326147863,0.0158244702765143,0.9685040886172624,8.303622425796155,36003,92.42,92.15751597768894,97.09059961055613,97.35308363286718,97.0736999039112,97.31789192261029,未启用,0.0,后期二次抬升,3.5530836328671853,3.5530836328671853,92.42,-1.3799999999999955,3.5530836328671853,3.2905996105561286,38.05051495423129,9.272126514413417,28.778388439817874,889.3444293213031,0.0,1.3799999999999955,3.7915760045234634,False
50,35,calendar,2026-04-21,99.06,100.19098192658464,9416.384960224605,9097.75362586386,570.7130949605598,0.0,700.0,189.3444293213031,0.0,889.3444293213031,1.5,0.1121538062005218,52978.84140653793,430.0,-0.1697333940587652,1.000426020916647,0.0,17.728424859230337,20.31431274623251,0.0140350460884637,0.8913489263258876,6.715597682288451,36003,93.8,93.72241212653748,100.11339405312212,100.19098192658464,99.2908730524224,98.76386610437748,未启用,0.0,后期二次抬升,1.1309819265846386,1.1309819265846386,93.8,-5.260000000000005,1.1309819265846386,1.053394053122119,38.05677265155131,7.606946608614339,30.449826042936973,889.3444293213031,0.0,5.260000000000005,2.8378982937174584,False
51,36,calendar,2026-04-22,101.55,102.5423027754364,9416.384960224605,9044.278255414763,517.237724511464,0.0,700.0,189.3444293213031,0.0,889.3444293213031,1.5,0.0,52978.84140653793,430.0,-0.1721280619399405,1.000377846657443,0.0,17.65951241367376,20.38709526515325,0.0124479692061257,0.82008338318771,5.0325652615946295,36003,99.06,100.7566489853444,104.2389517607808,102.5423027754364,102.25371857216813,102.10236836836212,未启用,0.0,后期二次抬升,0.9923027754364,0.9923027754364,99.06,-2.489999999999995,0.9923027754364,2.688951760780796,38.05905564803314,5.85264864478234,32.206407003250796,889.3444293213031,0.0,2.489999999999995,2.3513208488517563,False
52,37,calendar,2026-04-23,106.01,104.36533608367208,9416.384960224605,8998.912919675964,471.8723887726628,0.0,700.0,189.3444293213031,0.0,889.3444293213031,1.5,0.0,52978.84140653793,430.0,-0.1745227298211158,1.0003351199224313,0.0,17.59062107606838,20.455944578097206,0.0110403582845387,0.7545149702631612,3.919365766587847,36003,101.55,101.95658884806844,104.77192493174051,104.36533608367208,104.11038000960212,103.9788876347537,未启用,0.0,后期二次抬升,-1.6446639163279286,1.6446639163279286,101.55,-4.460000000000008,-1.6446639163279286,-1.2380750682594908,38.05760601245013,4.673880736851008,33.38372527559912,889.3444293213031,0.0,4.460000000000008,1.8230333082356793,False
53,38,calendar,2026-04-24,105.88,105.78306575284508,9416.384960224605,8961.981333551463,434.9408026481615,0.0,700.0,189.3444293213031,0.0,889.3444293213031,1.5,0.0,52978.84140653793,430.0,-0.1769173977022911,1.0002972247079551,0.0,17.52178545296036,20.52107323760427,0.009791919391237,0.6941884932125768,3.052405128161873,36003,106.01,107.13137133441964,106.90443708726472,105.78306575284508,106.19875116740316,106.42025224927656,未启用,0.0,后期二次抬升,-0.09693424715491972,0.09693424715491972,106.01,0.13000000000000966,-0.09693424715491972,1.0244370872647295,38.05265060995587,3.7465936213744495,34.30605698858142,889.3444293213031,0.0,-0.13000000000000966,1.4177296691729993,True
56,39,calendar,2026-04-27,101.97,107.34130703573098,9416.384960224605,8914.846560732456,387.8060298291548,0.0,700.0,189.3444293213031,0.0,889.3444293213031,1.5,0.0,52978.84140653793,430.0,-0.184101401345817,1.000207366642264,0.0,17.315889700031565,20.696092214979867,0.0068315903460619,0.5406360466644379,1.4418540879588189,36003,105.88,105.92697099441752,107.38827803014853,107.34130703573098,107.36569479753108,107.37747763351828,未启用,0.0,后期二次抬升,5.371307035730979,5.371307035730979,105.88,3.9099999999999966,5.371307035730979,5.418278030148528,38.01881350535749,1.9824901346232568,36.03632337073424,889.3444293213031,0.0,-3.9099999999999966,1.558241282885902,True
57,40,calendar,2026-04-28,104.48,108.35384005738588,9416.384960224605,8881.186193131138,354.1456622278365,0.0,700.0,189.3444293213031,0.0,889.3444293213031,1.5,0.0,52978.84140653793,430.0,-0.1864960692269923,1.0001839177129173,0.0,17.24753493949511,20.748243168649005,0.0060590770932019,0.4974094034442936,1.1229170927770342,36003,101.97,101.18570654909036,107.56954660647624,108.35384005738588,107.00866981550357,106.48445480594948,未启用,0.0,后期二次抬升,3.873840057385877,3.873840057385877,101.97,-2.510000000000005,3.873840057385877,3.089546606476233,38.00183718523732,1.6203264962213277,36.38151068901599,889.3444293213031,0.0,2.510000000000005,1.012533021654903,False
58,41,calendar,2026-04-29,112.49,109.0316185347268,9416.384960224605,8856.174436575919,329.1339056726174,0.0,700.0,189.3444293213031,0.0,889.3444293213031,1.5,0.0,52978.84140653793,430.0,-0.1888907371081676,1.0001631203782606,0.0,17.179347820986976,20.79757585708484,0.0053739193016056,0.4576388939694572,0.8745287111790199,36003,104.48,104.72175903707485,109.27337757180165,109.0316185347268,107.95228391355262,107.52129209121374,未启用,0.0,后期二次抬升,-3.4583814652731917,3.4583814652731917,104.48,-8.009999999999991,-3.4583814652731917,-3.216622428198349,37.98229759737342,1.332167605148477,36.65012999222494,889.3444293213031,0.0,8.009999999999991,0.6777784773409223,False
59,42,calendar,2026-04-30,110.86,109.4980426369169,9416.384960224605,8836.400314690543,309.3597837872421,0.0,700.0,189.3444293213031,0.0,889.3444293213031,1.5,0.0,52978.84140653793,430.0,-0.1912854049893429,1.0001446747971243,0.0,17.111342047997944,20.844242580837353,0.0047662388538628,0.4210482075600643,0.681083645084647,36003,112.49,114.40177868928726,111.40982132620417,109.4980426369169,110.33927809799611,110.282070891495,未启用,0.0,后期二次抬升,-1.3619573630830928,1.3619573630830928,112.49,1.6299999999999955,-1.3619573630830928,0.5498213262041673,37.96035086768916,1.1021318526447113,36.85821901504445,889.3444293213031,0.0,-1.6299999999999955,0.46642410219010344,True
60,43,calendar,2026-05-01,109.2,109.82663212987909,9416.384960224605,8819.915399206828,292.87486830352645,0.0,700.0,189.3444293213031,0.0,889.3444293213031,1.5,0.0,52978.84140653793,430.0,-0.1936800728705182,1.0001283150342477,0.0,17.04352930624967,20.888387410053895,0.0042272746457662,0.3873831170825346,0.53042847612905,36003,112.49,112.8517917439208,110.1884238737999,109.82663212987909,110.1627419650232,110.1708886456696,未启用,0.0,后期二次抬升,0.6266321298790842,0.6266321298790842,112.49,3.289999999999992,0.6266321298790842,0.9884238737999027,37.936143990949326,0.9178115932115846,37.018332397737744,889.3444293213031,0.0,-1.6599999999999966,0.32858949296218043,True
63,44,calendar,2026-05-04,114.06,110.13362615593104,9416.384960224605,8814.548873840953,287.50834293765183,0.0,700.0,189.3444293213031,0.0,889.3444293213031,1.5,0.0,52978.84140653793,430.0,-0.1936800728705182,1.0000895223616737,0.0,16.84134139990708,21.007016949251796,0.0029492694441514,0.3016943563494583,0.2505566707447489,36003,112.49,111.34487096695896,108.98849712289,110.13362615593104,109.9805919316696,109.9857843029702,未启用,0.0,后期二次抬升,-3.926373844068962,3.926373844068962,112.49,-1.5700000000000074,-3.926373844068962,-5.071502877110007,37.85130761860302,0.5522510270942071,37.299056591508815,889.3444293213031,0.0,4.859999999999999,0.30699402605195303,False
64,45,calendar,2026-05-05,110.31,110.32396669688612,9416.384960224605,8809.55233517583,282.511804272528,0.0,700.0,189.3444293213031,0.0,889.3444293213031,1.5,0.0,52978.84140653793,430.0,-0.1936800728705182,1.0000793992121113,0.0,16.774386194278705,21.042365365150857,0.0026157673434033,0.2775722198421113,0.1951337313797746,36003,112.49,112.49736793649228,110.3313346333784,110.32396669688612,111.26321644021624,111.12333029380108,未启用,0.0,后期二次抬升,0.01396669688611496,0.01396669688611496,112.49,2.1799999999999926,0.01396669688611496,0.02133463337840169,37.81936732677296,0.47270595122188586,37.34666137555108,889.3444293213031,0.0,-3.75,0.19034054095507713,True
