参数组,参数,中文名,扰动比例,原值,扰动后值,RMSE,MAE,MAPE,方向命中率,最大绝对误差,综合得分,高位平台形成_RMSE,中期再定价回落_RMSE,后期二次抬升_RMSE,RMSE改善率,综合得分改善率
assumption,route_start_day,绕道启动日,0.15,23.0,26.0,3.3747775697294378,2.754008570922738,2.752987168912318,66.66666666666666,7.225460445556422,6.496683528152018,3.7210636372822705,3.766946295170459,2.7549133694684462,0.15492985488874525,0.1263586887697086
behavior,buffer_relief_strength,缓冲确认折价强度,0.05,0.20703750524313,0.2173893805052865,3.3848415850056246,2.748690770186268,2.7437076882050504,66.66666666666666,7.43662230095363,6.49803176797557,3.742297943584925,3.789969573805642,2.7442790467746514,-0.1428208236168327,0.10563217193146626
assumption,route_start_day,绕道启动日,0.1,23.0,25.0,3.376392112271939,2.75480750255257,2.7537811273802624,66.66666666666666,7.229061901809047,6.499209144980263,3.7237660595658233,3.7699854941190543,2.754992283374171,0.10716252501958952,0.08753233250644142
behavior,buffer_relief_strength,缓冲确认折价强度,0.1,0.20703750524313,0.22,3.3871360229340244,2.7470034088304276,2.74101311741073,66.66666666666666,7.487260076255012,6.49960244347216,3.748362183945329,3.794245254497213,2.7416349054044735,-0.21070331695788175,0.08148614719700764
behavior,buffer_relief_strength,缓冲确认折价强度,0.15,0.20703750524313,0.22,3.3871360229340244,2.7470034088304276,2.74101311741073,66.66666666666666,7.487260076255012,6.49960244347216,3.748362183945329,3.794245254497213,2.7416349054044735,-0.21070331695788175,0.08148614719700764
assumption,route_start_day,绕道启动日,-0.15,23.0,20.0,3.377728332906763,2.753088124890532,2.7519745113829597,66.66666666666666,7.185037575643818,6.501179948217861,3.728006227797122,3.770661856623381,2.7550888154103714,0.06762953647242416,0.057235136284096474
behavior,pressure_scale,缺口价格传导系数,-0.15,0.026215856764507,0.022283478249830947,3.379245908435642,2.753405136426726,2.751568148131879,66.66666666666666,7.23582936003254,6.50142612361579,3.732769290698995,3.777061380095946,2.75506629430559,0.022731041089934453,0.05345067713877228
behavior,pressure_scale,缺口价格传导系数,-0.1,0.026215856764507,0.0235942710880563,3.379117876834477,2.7544111537847855,2.7528352081405894,66.66666666666666,7.23581542851278,6.501840522416833,3.7317147398374404,3.7770601023151906,2.755066300221902,0.026518942347120898,0.04708011636944627
assumption,route_start_day,绕道启动日,0.05,23.0,24.0,3.3782405279203593,2.755712131394588,2.7546747054157965,66.66666666666666,7.23252168222696,6.502120469666291,3.726891707014308,3.773463413791632,2.755042667549467,0.052475901602018815,0.04277648189851779
behavior,pressure_scale,缺口价格传导系数,-0.05,0.026215856764507,0.024905063926281647,3.379374573440876,2.755410936902876,2.7540944242709755,66.66666666666666,7.235801528021739,6.503000959644134,3.730666653993678,3.777058827443362,2.755066306125032,0.01892440014623172,0.029240692469320775
assumption,route_start_day,绕道启动日,-0.1,23.0,21.0,3.37897987804128,2.7543862971260933,2.7532923800655476,66.66666666666666,7.204987511893236,6.50317266434424,3.729921723426976,3.7732288680561625,2.755080739523894,0.0306017297018469,0.026601072799446544
assumption,route_max_capacity,绕道能力上限,-0.15,189.3444293213031,160.94276492310763,3.3787020063562503,2.7551249991781743,2.754138454461943,66.66666666666666,7.218015382937267,6.503326432970869,3.7284088548905343,3.774937914350525,2.7533097876231034,0.03882275088320505,0.024237184733431776
assumption,route_max_capacity,绕道能力上限,-0.1,189.3444293213031,170.4099863891728,3.3791360543335314,2.7555404070702454,2.754528525668386,66.66666666666666,7.223994531830542,6.503842238562426,3.7288279834142553,3.7756420516596965,2.7538658455688036,0.025981148779796556,0.01630769541564897
assumption,route_max_capacity,绕道能力上限,-0.05,189.3444293213031,179.87720785523794,3.379573441772806,2.755967377993006,2.754931476126911,66.66666666666666,7.229916873185061,6.504367761118421,3.729233188819968,3.7763481468941373,2.7544521169203096,0.013040746441377394,0.008228827015960487
assumption,route_start_day,绕道启动日,-0.05,23.0,22.0,3.3799674011822276,2.755628515965688,2.754550781855807,66.66666666666666,7.224725260059259,6.504747918237393,3.730856599372617,3.7757770704788896,2.755072749852311,0.0013851916513842352,0.0023846642862256516
assumption,route_max_capacity,绕道能力上限,0.05,189.3444293213031,198.81165078736825,3.380326308531311,2.7566435612489384,2.7556043107091095,66.66666666666666,7.235367568709776,6.505396281665018,3.73000395943411,3.7771777158645397,2.755898953932291,-0.009233324296524344,-0.0075826392047518435
assumption,route_max_capacity,绕道能力上限,0.1,189.3444293213031,208.27887225343343,3.380308891639941,2.7567017870474153,2.7557066308440508,66.66666666666666,7.226452225628009,6.505504302228082,3.730370531700766,3.7761298638511835,2.756798061434851,-0.008718033820450269,-0.009243241406314454
assumption,route_max_capacity,绕道能力上限,0.15,189.3444293213031,217.74609371949853,3.380236919555253,2.756858909135184,2.755888721705353,66.66666666666666,7.217511155759269,6.505514433566249,3.730725197027401,3.775048635071015,2.7575005421366514,-0.0065886911613604795,-0.009398990663571766
behavior,relief_start_day,预期修复开始日,-0.05,29.0,28.0,3.398170869808202,2.7597265958004265,2.7531468046761165,66.66666666666666,7.943289547142882,6.5063733868774305,3.7319547934009556,3.8413073650002665,2.7489528300314374,-0.5371767029597745,-0.022603696500366623
behavior,pressure_scale,缺口价格传导系数,0.05,0.026215856764507,0.02752664960273235,3.3810349233354278,2.7573918995831175,2.7565894491678478,66.66666666666666,7.235773819792996,6.507541813961298,3.7285897818188145,3.7770562863942763,2.7550663178919086,-0.030198171123032826,-0.040565948619752164
behavior,inventory_response,库存响应比例,-0.05,0.6833743478947638,0.6492056305000256,3.380813083706419,2.7569332939273163,2.7562190350003686,66.66666666666666,7.23573850306812,6.507550899630916,3.72799677682205,3.77705304795246,2.7550663328898937,-0.02363489610365904,-0.04070562279420182
assumption,fear_decay,恐慌衰减速度,-0.05,0.12,0.11399999999999999,3.3786076662521207,2.7575536606717628,2.758246143825147,66.66666666666666,7.210381283945566,6.508769120810774,3.718227919493164,3.7758280738162777,2.7563061728930043,0.04161386648110462,-0.05943336051263504
behavior,inventory_response,库存响应比例,-0.1,0.6833743478947638,0.6150369131052874,3.3816613904386488,2.757461507719912,2.757091597511243,66.66666666666666,7.235689320405896,6.510279218244966,3.7263973301049753,3.777048538721066,2.7550663537763445,-0.0487326228231254,-0.08264811752426315
behavior,pressure_scale,缺口价格传导系数,0.1,0.026215856764507,0.028837442440957702,3.3824346689358626,2.758373128348432,2.757825319595147,66.66666666666666,7.235760011889923,6.510911811924755,3.727560948001775,3.7770550202010167,2.7550663237557202,-0.07161058861516867,-0.09237299237729431
assumption,fear_decay,恐慌衰减速度,-0.1,0.12,0.108,3.37782307794583,2.762053648948198,2.764560019692024,66.66666666666666,7.179681350390055,6.514161138767546,3.706992670848054,3.7746102658986675,2.7579534563194597,0.06482644060133276,-0.14232495666701928
behavior,pressure_scale,缺口价格传导系数,0.15,0.026215856764507,0.030148235279183047,3.38421133186535,2.7593482212826834,2.7590534694689786,66.66666666666666,7.235746234684669,6.515007047862337,3.726538484228893,3.7770537568846634,2.7550663296064988,-0.12417435945743505,-0.15532913351339392
assumption,fear_decay,恐慌衰减速度,-0.15,0.12,0.102,3.3778776990835255,2.7679872049650696,2.772452938779753,66.66666666666666,7.142568194277914,6.521452437924331,3.696265646486539,3.7735060778381375,2.760145912745139,0.06321043740943941,-0.2544142393790367
behavior,buffer_relief_strength,缓冲确认折价强度,-0.05,0.20703750524313,0.1966856299809735,3.38204222525398,2.7761202754835694,2.778572364277793,66.66666666666666,7.03489710037249,6.522908192860708,3.735252716885637,3.7706718186310657,2.7663418505942787,-0.05999987764653235,-0.27679358812255866
behavior,uncertainty_floor,不确定性溢价平台,0.05,0.2958766054506273,0.3,3.3894292655740164,2.793993490952647,2.799180455636594,66.66666666666666,6.987920192393673,6.5236866892970555,3.697711812330455,3.793230297782852,2.8122060196576864,-0.278550446885356,-0.28876142886913736
behavior,uncertainty_floor,不确定性溢价平台,0.1,0.2958766054506273,0.3,3.3894292655740164,2.793993490952647,2.799180455636594,66.66666666666666,6.987920192393673,6.5236866892970555,3.697711812330455,3.793230297782852,2.8122060196576864,-0.278550446885356,-0.28876142886913736
behavior,uncertainty_floor,不确定性溢价平台,0.15,0.2958766054506273,0.3,3.3894292655740164,2.793993490952647,2.799180455636594,66.66666666666666,6.987920192393673,6.5236866892970555,3.697711812330455,3.793230297782852,2.8122060196576864,-0.278550446885356,-0.28876142886913736
behavior,adjustment_speed,价格调整速度,-0.05,0.45,0.4275,3.383181322521443,2.757706240337704,2.7538158594620485,66.66666666666666,7.191650349880874,6.5256215978909164,3.7828892751166636,3.7879062299703397,2.7160196379492327,-0.09370083844231043,-0.3185068160402824
behavior,relief_start_day,预期修复开始日,0.05,29.0,30.0,3.3831438914111067,2.768528458616121,2.7730270511466215,68.88888888888889,6.5099761082182255,6.537369270873225,3.7296250092539993,3.782543841422742,2.7622552983119975,-0.09259341380175166,-0.49910401961231365
behavior,buffer_relief_strength,缓冲确认折价强度,-0.1,0.20703750524313,0.186333754718817,3.390742164164785,2.7987398092929787,2.804635945475942,66.66666666666666,6.827510095639113,6.550503474746703,3.759119901322526,3.77019081760205,2.7781615134259754,-0.317393437032171,-0.7010163893443593
behavior,adjustment_speed,价格调整速度,-0.1,0.45,0.405,3.397666205961075,2.762115909959227,2.7548029510598337,66.66666666666666,7.152818993212975,6.578399989782521,3.841804777841211,3.803739316468349,2.6874232947439793,-0.5222458827279316,-1.1298700535943573
behavior,buffer_relief_strength,缓冲确认折价强度,-0.15,0.20703750524313,0.1759818794566605,3.4062604534172434,2.8257685200075953,2.835093650127127,66.66666666666666,6.618975711074313,6.587795516932912,3.800966184693887,3.7762721842264466,2.790451990103138,-0.7765124891562707,-1.2743076738789076
behavior,inventory_response,库存响应比例,0.1,0.6833743478947638,0.75,3.452014654696513,2.8523661281991446,2.8472067949171085,62.22222222222222,7.526049239739862,6.592658934545469,3.9964679557868403,3.7709254975502473,2.773352799675396,-2.1301813878530464,-1.3490730867358491
behavior,inventory_response,库存响应比例,0.15,0.6833743478947638,0.75,3.452014654696513,2.8523661281991446,2.8472067949171085,62.22222222222222,7.526049239739862,6.592658934545469,3.9964679557868403,3.7709254975502473,2.773352799675396,-2.1301813878530464,-1.3490730867358491
behavior,inventory_response,库存响应比例,0.05,0.6833743478947638,0.7175430652895021,3.452064233575475,2.8527942662564274,2.8479796229949783,62.22222222222222,7.509194325434095,6.594275935664632,3.9927959067289343,3.7709223431488255,2.773352833494455,-2.131648212420112,-1.3739312761605504
behavior,relief_discount_strength,预期修复折价强度,-0.05,0.24,0.22799999999999998,3.4292799029444874,2.8333425108310477,2.83802520567592,66.66666666666666,7.056584604258191,6.595694563861517,3.7296250092539993,3.856617399695255,2.8755875431352305,-1.457558426336003,-1.3957398748210532
assumption,spr_max_release,SPR释放上限,-0.05,700.0,665.0,3.444893692477643,2.7953524370995413,2.792971159510064,62.22222222222222,7.546211485723163,6.614494030574004,3.9637427440038313,3.797266049528402,2.735004690705123,-1.9195029186641104,-1.6847444395577018
behavior,inventory_response,库存响应比例,-0.15,0.6833743478947638,0.5808681957105493,3.448804958021284,2.798283465057344,2.7963058023794694,62.22222222222222,7.5561995197747365,6.621985061247051,3.961987574326361,3.798803427354568,2.7366452190383876,-2.0352203472922397,-1.7999041987254918
behavior,relief_start_day,预期修复开始日,-0.1,29.0,26.0,3.521660840898919,2.792611497399101,2.7744157560955274,68.88888888888889,9.216936102617865,6.637869865710666,3.8915908389310547,4.119695945146914,2.7387242044070215,-4.190710771801812,-2.044101604436179
behavior,adjustment_speed,价格调整速度,-0.15,0.45,0.3825,3.4262404290104196,2.7852883586552935,2.7739562559539097,68.88888888888889,7.120133816407588,6.662483238692866,3.9073133061224627,3.825319225371734,2.672398391213045,-1.3676335403603135,-2.422483462507544
behavior,risk_weight,封锁风险溢价权重,0.05,2.009607695713614,2.110088080499295,3.4768326978560387,2.949382114437686,2.973973871528312,66.66666666666666,6.453289198655881,6.697282987752764,3.671999001597467,3.9038701496615187,3.0242819909955667,-2.864439930505944,-2.957460676692043
behavior,relief_start_day,预期修复开始日,-0.15,29.0,25.0,3.5957238349684033,2.810826241910902,2.787894492368403,68.88888888888889,9.760404982699612,6.725440256241412,3.9726854846048156,4.293197848938645,2.734416910605748,-6.381914394924583,-3.3903229088068207
behavior,relief_start_day,预期修复开始日,0.1,29.0,32.0,3.472129863120084,2.847927908796941,2.8620878864122283,68.88888888888889,6.768771760182517,6.727985060703073,3.7296250092539993,4.068847230140843,2.7785961771900887,-2.7253033935371107,-3.429444236929057
behavior,relief_discount_strength,预期修复折价强度,-0.1,0.24,0.216,3.5032684235502756,2.9271516786653238,2.9376171216280063,66.66666666666666,6.877246166039612,6.729092531419099,3.7296250092539993,3.998538028576333,3.020003796840869,-3.6465587018149566,-3.446469405628706
behavior,relief_decay_days,预期修复消退期,0.15,4.0,5.0,3.372013650190891,2.7557043418722076,2.7473451669420097,66.66666666666666,7.235787658476099,6.750532563779729,3.7296250092539993,3.777057555472398,2.717225317328704,0.23670227825583148,-3.776067437056273
assumption,spr_max_release,SPR释放上限,-0.1,700.0,630.0,3.5468040055911945,2.8591391625980127,2.854600253963801,62.22222222222222,7.869386582163713,6.78892545018249,4.299887371943504,3.833504717800507,2.717475597954694,-4.934588254243292,-4.366282020986124
assumption,supply_interruption,供应中断量,0.05,1472.9594690966978,1546.6074425515328,3.5527924260634944,2.979709449900808,3.0039438336911557,62.22222222222222,6.780810093490288,6.817801492368154,4.0179275737174365,3.8666780995626144,2.980762659234473,-5.111759712142708,-4.810193975022652
behavior,relief_start_day,预期修复开始日,0.15,29.0,33.0,3.5647160848881887,2.9320834850552187,2.9502563381866955,68.88888888888889,7.500533658424615,6.898238077017163,3.7296250092539993,4.358564983696894,2.788637636742634,-5.464529199061343,-6.04674714383935
behavior,relief_discount_strength,预期修复折价强度,-0.15,0.24,0.204,3.59982463966306,3.020095770523049,3.03631522649667,68.88888888888889,6.697771824510653,6.8995577763207825,3.7296250092539993,4.19471803536238,3.1846747233304495,-6.503239467149193,-6.067034906713621
behavior,risk_weight,封锁风险溢价权重,-0.05,2.009607695713614,1.9091273109279334,3.4844930419599764,2.7886362375905867,2.7543772067017342,66.66666666666666,8.16970514618292,7.04393882882407,4.001206066226781,3.873996356939352,2.753063688642005,-3.0910763764909386,-8.286607614444536
behavior,uncertainty_floor,不确定性溢价平台,-0.05,0.2958766054506273,0.2810827751780959,3.467747248831985,2.7802668320531434,2.7487580651559895,66.66666666666666,8.12511041638929,7.153318360692033,3.924687407243635,3.866462217727218,2.795780611026299,-2.5956407944552664,-9.968101269666287
behavior,risk_weight,封锁风险溢价权重,0.1,2.009607695713614,2.2105684652849757,3.8085615795011734,3.265727683784787,3.3108976067417153,62.22222222222222,7.180023744981398,7.255299281459167,3.885688224794497,4.3267177335593585,3.5417596404017098,-12.678862591752088,-11.53585593358831
assumption,supply_interruption,供应中断量,-0.15,1472.9594690966978,1400.0,3.7282913371274016,2.967566460911891,2.926073012764308,57.77777777777777,10.365601708383906,7.320522026113565,4.9328445995829435,3.748384501009261,2.75416820045006,-10.30401334175637,-12.538526446430767
assumption,supply_interruption,供应中断量,-0.1,1472.9594690966978,1400.0,3.7282913371274016,2.967566460911891,2.926073012764308,57.77777777777777,10.365601708383906,7.320522026113565,4.9328445995829435,3.748384501009261,2.75416820045006,-10.30401334175637,-12.538526446430767
assumption,supply_interruption,供应中断量,-0.05,1472.9594690966978,1400.0,3.7282913371274016,2.967566460911891,2.926073012764308,57.77777777777777,10.365601708383906,7.320522026113565,4.9328445995829435,3.748384501009261,2.75416820045006,-10.30401334175637,-12.538526446430767
assumption,spr_max_release,SPR释放上限,-0.15,700.0,595.0,3.991672978493067,3.086927847704344,3.080221331742825,60.0,10.313634142407025,7.556263147628661,5.564278696488138,4.0452726478283205,2.6709876554905794,-18.09633681011393,-16.162579258989886
behavior,risk_weight,封锁风险溢价权重,-0.1,2.009607695713614,1.8086469261422529,3.7729689304499794,3.056150009816433,2.9909665290337064,66.66666666666666,9.103574420431713,7.889813437172674,4.44756340908553,4.177824642428262,3.017896374809756,-11.62583006805551,-21.29025430008145
behavior,risk_weight,封锁风险溢价权重,0.15,2.009607695713614,2.311048850070656,4.228255281282175,3.6126299696116906,3.6754178966521946,62.22222222222222,8.057263595530387,8.001955363621578,4.147912012904941,4.8550456248490095,4.157649349294205,-25.09578377484063,-23.014214300530178
assumption,supply_interruption,供应中断量,0.1,1472.9594690966978,1620.2554160063678,4.341144672139969,3.4818827616819306,3.5248227333875395,60.0,12.189160003557149,8.0943471812364,6.21801145799011,3.916542073618826,3.227771621661442,-28.435692529105282,-24.4345554965527
behavior,uncertainty_floor,不确定性溢价平台,-0.1,0.2958766054506273,0.26628894490556454,3.7307097662263833,3.0611244439415652,3.0022730834243676,66.66666666666666,9.014444241171361,8.100194280036304,4.230875446204404,4.168399749680089,3.189894232001026,-10.375564197491187,-24.5244430592949
behavior,risk_weight,封锁风险溢价权重,-0.15,2.009607695713614,1.708166541356572,4.207660143714982,3.369902541262743,3.2754676059337453,66.66666666666666,10.037448259887498,8.989051552749107,5.022724457919768,4.647980869564308,3.488517101556543,-24.486462741807486,-38.18886307407874
assumption,supply_interruption,供应中断量,0.15,1472.9594690966978,1693.9033894612023,5.060246270567427,3.9313579047148908,3.9935965152501702,60.0,13.985009427740692,9.259070014035867,7.786008207962793,4.027532340394163,3.645855925408867,-49.71079823694825,-42.339862092748064
behavior,uncertainty_floor,不确定性溢价平台,-0.15,0.2958766054506273,0.2514951146330332,4.135388966651802,3.3657893903386595,3.2806242225932625,66.66666666666666,9.903781967619636,9.288368110174996,4.62624499877353,4.641464243058854,3.8289651099945083,-22.348271233108598,-42.79026229035992
