day_index,step_index,time_axis,trade_date,actual_price,simulated_price,effective_supply,effective_demand,gross_shortage,supply_gap,spr_release,route_supply,inventory_buffer,total_buffer_supply,buffer_coverage_ratio,buffer_coverage_momentum,inventory_remaining,inventory_remaining_ratio,demand_decline,demand_elasticity,fear_factor,shortage_pressure,blockade_risk_premium,uncertainty_premium,panic_premium,buffer_confirmation_discount,expectation_relief_discount,inventory_relief_discount,spr_credibility_discount,spr_credibility,asymmetric_adjustment_speed,literature_challenger_note
0,0,calendar,2026-03-02,78.07,77.23048932595617,9127.040530903301,9979.52380952381,1452.483278620508,852.4832786205079,0.0,0.0,600.0,600.0,0.4130856505073493,0.4130856505073493,57400.0,0.9896551724137931,20.476190476190474,-0.05,1.1718691044054055,3.272279014263181,0.0,0.0,5.662141710083878,0.0,0.0,0.0,0.0,0.0,0.45,库存覆盖/SPR可信度/非对称调价 Challenger
1,1,calendar,2026-03-03,81.96,80.77764470982912,9127.040530903301,9931.075422512242,1404.0348916089406,804.0348916089406,0.0,0.0,600.0,600.0,0.4273398072838743,0.014254156776524973,56800.0,0.9793103448275862,40.95238095238095,-0.052394667881175305,1.1524342211374288,2.9452506887683563,2.8733297638332425,1.170578768521208,5.021869198262025,0.0,0.0,0.0,0.0,0.0,0.45,库存覆盖/SPR可信度/非对称调价 Challenger
2,2,calendar,2026-03-04,82.58,83.95722200249232,9127.040530903301,9884.82110378902,1357.7805728857184,757.7805728857184,0.0,0.0,600.0,600.0,0.44189761731883376,0.014557810034959484,56200.0,0.9689655172413794,61.42857142857142,-0.05478933576235061,1.1351970259818482,2.6544948934615027,5.342742067541697,2.2778988387050627,4.453998422458998,0.0,0.0,0.0,0.0,0.0,0.45,库存覆盖/SPR可信度/非对称调价 Challenger
3,3,calendar,2026-03-05,84.31,86.64126219579063,9227.040530903301,9840.07319422184,1313.0326633185396,613.0326633185396,100.0,0.0,600.0,700.0,0.5331169738236596,0.09121935650482588,55600.0,0.9586206896551724,81.9047619047619,-0.05718400364352591,1.1199090053266816,2.0575174106824363,7.463450832588452,3.325378744205985,3.9503422259848646,0.0,0.0,0.0,0.0,0.013594654566291497,0.45,库存覆盖/SPR可信度/非对称调价 Challenger
4,4,calendar,2026-03-06,93.32,88.94202859805333,9327.040530903301,9797.764156316083,1270.723625412782,470.723625412782,200.0,0.0,600.0,800.0,0.6295625453096679,0.0964455714860083,55000.0,0.9482758620689655,102.38095238095238,-0.05957867152470121,1.1063497473706605,1.5163855704093132,9.28312853194167,4.316252279304147,3.5036392522527247,0.0,0.0,0.0,0.0,0.051791213406290906,0.45,库存覆盖/SPR可信度/非对称调价 Challenger
7,5,calendar,2026-03-09,89.79,92.29542330460937,9491.759226373444,9707.075854005168,1180.035323101867,215.31662763172426,500.0,0.0,464.7186954701435,964.7186954701435,0.8175337437647735,0.18797119845510557,54535.28130452985,0.9402634707677561,163.8095238095238,-0.06676267516822712,1.0741977010241448,0.6189824006736155,13.320243333829461,6.979007418654406,2.4444061613899355,0.0,0.0,0.0,0.0,0.2810495287766904,0.45,库存覆盖/SPR可信度/非对称调价 Challenger
8,6,calendar,2026-03-10,91.4,94.80138294609966,9489.050345882722,9656.779196240457,1129.738665337156,167.7288503577347,600.0,0.0,362.00981497942144,962.0098149794214,0.851533053170595,0.03399930940582152,54173.27148955043,0.9340219222336281,184.28571428571428,-0.06915734304940244,1.0658074573957435,0.4654831159649681,14.294921156616425,7.772436919767904,2.167993780174072,0.0,0.0,0.0,0.0,0.38673288334797734,0.45,库存覆盖/SPR可信度/非对称调价 Challenger
9,7,calendar,2026-03-11,90.93,96.72080236212186,9490.118742755818,9612.009929685928,1084.9693987826267,121.89118693011005,700.0,0.0,263.07821185251686,963.0782118525169,0.8876547236568368,0.03612167048624182,53910.193277697916,0.9294860909947916,204.76190476190476,-0.07155201093057773,1.0583659788526785,0.32695269729982523,15.125321216742377,8.52298906925619,1.922837990312069,0.0,0.0,0.0,0.0,0.5034146962085905,0.45,库存覆盖/SPR可信度/非对称调价 Challenger
10,8,calendar,2026-03-12,101.75,98.29792410509914,9462.045135541406,9570.929067782205,1043.8885368789033,108.88393224079846,700.0,0.0,235.004604638105,935.004604638105,0.8956939094605371,0.008039185803700222,53675.18867305981,0.9254342874665485,225.23809523809524,-0.07394667881175304,1.051765979453442,0.28260483371733874,15.831193884050707,9.232980981972961,1.705404310103922,0.0,0.0,0.0,0.0,0.5506710358827784,0.45,库存覆盖/SPR可信度/非对称调价 Challenger
11,9,calendar,2026-03-13,103.89,99.63394509222623,9435.33361172596,9531.841379024594,1004.8008481212928,96.50776729863355,700.0,0.0,208.29308082265942,908.2930808226595,0.9039533381375255,0.008259428676988478,53466.89559223715,0.9218430274523647,245.7142857142857,-0.07634134669292833,1.0459123051039383,0.24262576287504306,16.429591792074685,9.904604554654613,1.5125579354966934,0.0,0.0,0.0,0.0,0.5934303402594009,0.45,库存覆盖/SPR可信度/非对称调价 Challenger
14,10,calendar,2026-03-16,101.02,101.49472884771474,9371.711090905399,9438.740839010821,911.70030810752,67.02974810542219,700.0,0.0,144.67056000209703,844.6705600020971,0.9264783092543193,0.022524971116793746,53322.22503223506,0.9193487074523287,307.14285714285717,-0.08352535033645425,1.032031928346368,0.15402234944955775,17.717389603785737,11.709445491989456,1.0552758634069166,0.0,0.0,0.0,0.0,0.6988057880877978,0.45,库存覆盖/SPR可信度/非对称调价 Challenger
15,11,calendar,2026-03-17,103.5,102.85008405019609,9342.232693899714,9395.604310552448,868.5637796491465,53.37161665273379,700.0,0.0,115.19216299641212,815.1921629964121,0.9385518739058015,0.012073564651482238,53207.03286923865,0.9173626356765284,327.6190476190476,-0.08592001821762955,1.0284097718778533,0.11922036852117442,18.014346683697646,12.247239607316272,0.9359457296299379,0.0,0.0,0.0,0.0,0.7274682069659875,0.45,库存覆盖/SPR可信度/非对称调价 Challenger
16,12,calendar,2026-03-18,109.65,103.87468301155812,9315.270094613383,9356.149216328626,829.1086854253244,40.879121715242945,700.0,0.0,88.22956371008128,788.2295637100813,0.9506950989250914,0.012143225019289883,53118.80330552856,0.9158414363022166,348.0952380952381,-0.08831468609880486,1.0251972072809405,0.08883888295878715,18.259898890836844,12.755971043032009,0.830109395266943,0.0,0.0,0.0,0.0,0.7534030360583935,0.45,库存覆盖/SPR可信度/非对称调价 Challenger
17,13,calendar,2026-03-19,103.07,102.9685601739979,9289.925439655157,9319.061703406456,792.021172503155,29.13626375129934,700.0,0.0,62.88490875185509,762.884908751855,0.9632127716242537,0.012517672699162263,53055.91839677671,0.9147572137375295,368.57142857142856,-0.09070935397998016,1.0223479180856645,0.06164761057542407,18.461110536862133,13.237210361777846,0.7362409873731727,3.829303406301628,0.0,0.0,0.0,0.7768698398515702,0.45,库存覆盖/SPR可信度/非对称调价 Challenger
18,14,calendar,2026-03-20,104.41,101.7005437911415,9275.786552873637,9298.37189140945,771.3313605061485,22.585338535813207,700.0,0.0,48.74602197033553,748.7460219703355,0.9707190194873025,0.007506247863048876,53007.172374806374,0.9139167650828686,389.04761904761904,-0.09310402186115546,1.0198208252682568,0.04655781874497619,18.624080897932437,13.69244325215571,0.6529871780500855,6.061283752469484,0.0,0.0,0.0,0.7981034820053446,0.45,库存覆盖/SPR可信度/非对称调价 Challenger
21,15,calendar,2026-03-23,96.07,100.74600096699177,9239.810238931832,9245.726786932473,718.686256029172,5.916548000641342,700.0,0.0,12.769708028530014,712.76970802853,0.9917675509292029,0.02104853144190033,52994.402666777845,0.9136965977030663,430.0,-0.10028802550468137,1.0138285205528532,0.011322798371117302,18.932705905109895,14.915781726257602,0.4555736953534739,7.912756028086651,0.0,0.0,0.0,0.8504313807773649,0.45,库存覆盖/SPR可信度/非对称调价 Challenger
22,16,calendar,2026-03-24,95.96,100.4675334152173,9241.008359518672,9247.480028900849,720.4394979975477,6.471669382177424,700.0,0.0,13.967828615370513,713.9678286153705,0.991017053617736,-0.0007504973114669244,52980.43483816247,0.9134557730717667,430.0,-0.10268269338585667,1.012264797487889,0.012096327401143388,18.988655272084365,15.280303728621087,0.4040576208397525,7.759241413314677,0.0,0.0,0.0,0.8646647167633873,0.45,库存覆盖/SPR可信度/非对称调价 Challenger
23,17,calendar,2026-03-25,98.06,100.59209335219721,9242.158564622221,9242.896844203184,715.8563132998825,0.7382795809626259,700.0,13.524602094378793,1.5934316245394375,715.1180337189182,0.9989686763010289,0.00795162268329297,52978.84140653793,0.913428300112723,430.0,-0.10507736126703199,1.0108778995442058,0.0013484851285647493,19.02641671394038,15.625126768381675,0.3583669615340888,7.469220665236011,0.0,0.0,0.0,0.8775435717470181,0.45,库存覆盖/SPR可信度/非对称调价 Challenger
24,18,calendar,2026-03-26,100.1,100.9556386414278,9254.089735092059,9234.281356328986,707.2408254256843,0.0,700.0,27.049204188757585,0.0,727.0492041887576,1.0280079685037282,0.029039292202699296,52978.84140653793,0.913428300112723,430.0,-0.10747202914820729,1.0096478314143125,0.0,19.048516486928417,15.951315387940422,0.31784298202881484,7.1208693723552825,0.0,0.0,0.0,0.8891968416376661,0.45,库存覆盖/SPR可信度/非对称调价 Challenger
25,19,calendar,2026-03-27,106.29,101.46111195634238,9267.614337186438,9223.103988868726,696.0634579654252,0.0,700.0,40.57380628313638,0.0,740.5738062831364,1.0639458196064677,0.035937851102739504,52978.84140653793,0.913428300112723,430.0,-0.10986669702938259,1.0085568588513554,0.0,19.057135636368574,16.25987660126164,0.2819014364284801,6.723940040804291,0.0,0.0,0.0,0.8997411562771962,0.45,库存覆盖/SPR可信度/非对称调价 Challenger
28,20,calendar,2026-03-30,108.89,102.62595180051504,9308.188143469573,9195.216271644056,668.1757407407549,0.0,700.0,81.14761256627276,0.0,781.1476125662728,1.1690750874916152,0.10512926788514743,52978.84140653793,0.913428300112723,430.0,-0.1170507006729085,1.005969917846122,0.0,19.01968759326166,17.089067136150476,0.19667595848156832,5.451413850027441,0.0,0.0,0.0,0.9257264217856661,0.45,库存覆盖/SPR可信度/非对称调价 Challenger
29,21,calendar,2026-03-31,103.53,103.5396652036144,9321.712745563953,9174.59247042783,647.5519395245283,0.0,700.0,94.67221466065155,0.0,794.6722146606515,1.227194555612246,0.05811946812063096,52978.84140653793,0.913428300112723,430.0,-0.1194453685540838,1.0052948421432482,0.0,18.990811548953328,17.336143640746172,0.17443592698823812,5.05121466649149,0.0,0.0,0.0,0.9327944872602503,0.45,库存覆盖/SPR可信度/非对称调价 Challenger
30,22,calendar,2026-04-01,100.24,103.82104014512149,9335.23734765833,9156.468414481347,629.427883578046,0.0,700.0,108.19681675503034,0.0,808.1968167550303,1.2840181343107242,0.056823578698478094,52978.84140653793,0.913428300112723,430.0,-0.1218400364352591,1.004696103706038,0.0,18.95562446013621,17.569867999812857,0.1547107885435704,4.669518900845753,1.0524151715877983,0.0,0.0,0.9391899373747821,0.45,库存覆盖/SPR可信度/非对称调价 Challenger
31,23,calendar,2026-04-02,109.24,103.7409699142556,9348.76194975271,9145.285584002082,618.2450530987808,0.0,700.0,121.72141884940915,0.0,821.7214188494091,1.3291192784006276,0.0451011440899034,52978.84140653793,0.913428300112723,430.0,-0.12423470431643442,1.0041650703498284,0.0,18.915029244339188,17.790961770386147,0.13721616013991925,4.309767245057816,2.0973834457423015,0.0,0.0,0.9449767799435927,0.45,库存覆盖/SPR可信度/非对称调价 Challenger
35,24,calendar,2026-04-06,109.7,102.4642123415239,9402.860358130225,9114.283806294226,587.2432753909252,0.0,700.0,175.8198272269243,0.0,875.8198272269243,1.4914088656764866,0.16228958727585896,52978.84140653793,0.913428300112723,430.0,-0.13381337584113562,1.002577276358178,0.0,18.7126418308598,18.56214080271537,0.08490708098199377,3.1055829658861476,6.551554807198891,0.0,0.0,0.96311683259876,0.45,库存覆盖/SPR可信度/非对称调价 Challenger
36,25,calendar,2026-04-07,103.42,101.61214623600311,9416.384960224605,9122.419369653426,595.3788387501245,0.0,700.0,189.3444293213031,0.0,889.3444293213031,1.4937454464930244,0.00233658081653787,52978.84140653793,0.913428300112723,430.0,-0.13620804372231093,1.002285839073136,0.0,18.65477183946956,18.72961162403044,0.07530582534492897,2.8587262153366746,7.238611870446996,0.0,0.0,0.9666267300396739,0.45,库存覆盖/SPR可信度/非对称调价 Challenger
37,26,calendar,2026-04-08,96.7,100.82430395283997,9416.384960224605,9125.7858573235,598.7453264201995,0.0,700.0,189.3444293213031,0.0,889.3444293213031,1.4853467577585084,-0.008398688734515991,52978.84140653793,0.913428300112723,430.0,-0.13860271160348625,1.0020273573890108,0.0,18.594834032377968,18.888032233219022,0.06679027550227046,2.6310681459696896,8.265766779021634,0.0,0.0,0.9698026165776815,0.45,库存覆盖/SPR可信度/非对称调价 Challenger
38,27,calendar,2026-04-09,96.41,100.05687519116827,9416.384960224605,9128.771803486003,601.7312725827014,0.0,700.0,189.3444293213031,0.0,889.3444293213031,1.4779760830846171,-0.007370674673891298,52978.84140653793,0.913428300112723,430.0,-0.1409973794846615,1.0017981047008433,0.0,18.533150645157487,19.03789170855094,0.05923766031693297,2.4212935330475274,9.298806150251812,0.0,0.0,0.9726762775527075,0.45,库存覆盖/SPR可信度/非对称调价 Challenger
39,28,calendar,2026-04-10,94.26,99.28932203883262,9416.384960224605,9131.919095583193,604.8785646798915,0.0,700.0,189.3444293213031,0.0,889.3444293213031,1.4702859073737455,-0.007690175710871605,52978.84140653793,0.913428300112723,430.0,-0.14339204736583683,1.001594775806535,0.0,18.469999742667603,19.17965269824657,0.05253909155839682,2.228077012635523,10.331783395557382,0.0,0.0,0.9752764735296606,0.45,库存覆盖/SPR可信度/非对称调价 Challenger
42,29,calendar,2026-04-13,98.0,97.7146204551551,9416.384960224605,9121.552105269038,594.511574365737,0.0,700.0,189.3444293213031,0.0,889.3444293213031,1.495924499485334,0.025638592111588476,52978.84140653793,0.913428300112723,430.0,-0.15057605100936272,1.0011126373256105,0.0,18.273981080802155,19.56060424302066,0.036655280373571804,1.735821523214377,13.552755347649853,0.0,0.0,0.9816843611112658,0.45,库存覆盖/SPR可信度/非对称调价 Challenger
43,30,calendar,2026-04-14,95.34,96.5210057060935,9416.384960224605,9137.955190286199,610.9146593828973,0.0,700.0,189.3444293213031,0.0,889.3444293213031,1.455758861998263,-0.040165637487070915,52978.84140653793,0.913428300112723,430.0,-0.15297071889053804,1.0009868207827382,0.0,18.207051993890296,19.674117569744453,0.03251031727691815,1.5969869649535662,14.46385070014611,0.0,0.0,0.9834273245982388,0.45,库存覆盖/SPR可信度/非对称调价 Challenger
44,31,calendar,2026-04-15,94.87,95.47411909801804,9416.384960224605,9149.61737242219,622.5768415188886,0.0,700.0,189.3444293213031,0.0,889.3444293213031,1.4284894169072957,-0.027269445090967404,52978.84140653793,0.913428300112723,430.0,-0.15536538677171335,1.0008752315195877,0.0,18.139567746067367,19.781496576005935,0.02883406479705762,1.469242306810085,15.495445118228059,0.0,0.0,0.9850044231795223,0.45,库存覆盖/SPR可信度/非对称调价 Challenger
45,32,calendar,2026-04-16,98.21,94.50082903946027,9416.384960224605,9159.762672055083,632.7221411517821,0.0,700.0,189.3444293213031,0.0,889.3444293213031,1.405584491957838,-0.022904924949457728,52978.84140653793,0.913428300112723,430.0,-0.15776005465288867,1.0007762607215813,0.0,18.07164287129451,19.883072763740778,0.025573521342137157,1.3516948796331876,16.526792137754533,0.0,0.0,0.9864314409877991,0.45,库存覆盖/SPR可信度/非对称调价 Challenger
46,33,calendar,2026-04-17,92.42,93.56150762834373,9416.384960224605,9169.4071615431,642.366630639799,0.0,700.0,189.3444293213031,0.0,889.3444293213031,1.384481053188447,-0.021103438769390914,52978.84140653793,0.913428300112723,430.0,-0.160154722534064,1.0006884814981913,0.0,18.0033761056517,19.979159720344008,0.022681678717163836,1.2435284945646141,17.55775322192811,0.0,0.0,0.9877226600969315,0.45,库存覆盖/SPR可信度/非对称调价 Challenger
49,34,calendar,2026-04-20,93.8,97.35308363286718,9416.384960224605,9167.849601313736,640.8090704104343,0.0,700.0,189.3444293213031,0.0,889.3444293213031,1.3878461937994782,0.0033651406110311033,52978.84140653793,0.913428300112723,430.0,-0.16733872617758988,1.000480337242226,0.0,17.79731815780691,20.237372326147863,0.015824470276514353,0.968504088617262,8.303622425796155,0.0,0.0,0.9909047228983042,0.45,库存覆盖/SPR可信度/非对称调价 Challenger
50,35,calendar,2026-04-21,99.06,100.19098192658464,9416.384960224605,9097.753625863861,570.7130949605598,0.0,700.0,189.3444293213031,0.0,889.3444293213031,1.5,0.11215380620052184,52978.84140653793,0.913428300112723,430.0,-0.1697333940587652,1.0004260209166467,0.0,17.728424859230337,20.31431274623251,0.014035046088463789,0.8913489263258871,6.715597682288451,0.0,0.0,0.99177025295098,0.45,库存覆盖/SPR可信度/非对称调价 Challenger
51,36,calendar,2026-04-22,101.55,102.5423027754364,9416.384960224605,9044.278255414765,517.237724511464,0.0,700.0,189.3444293213031,0.0,889.3444293213031,1.5,0.0,52978.84140653793,0.913428300112723,430.0,-0.17212806193994046,1.000377846657443,0.0,17.65951241367376,20.38709526515325,0.012447969206125736,0.8200833831877096,5.0325652615946295,0.0,0.0,0.9925534169290756,0.45,库存覆盖/SPR可信度/非对称调价 Challenger
52,37,calendar,2026-04-23,106.01,104.36533608367209,9416.384960224605,8998.912919675964,471.8723887726628,0.0,700.0,189.3444293213031,0.0,889.3444293213031,1.5,0.0,52978.84140653793,0.913428300112723,430.0,-0.17452272982111577,1.0003351199224313,0.0,17.59062107606838,20.455944578097206,0.011040358284538764,0.7545149702631608,3.919365766587847,0.0,0.0,0.9932620530009145,0.45,库存覆盖/SPR可信度/非对称调价 Challenger
53,38,calendar,2026-04-24,105.88,105.78306575284508,9416.384960224605,8961.981333551463,434.9408026481615,0.0,700.0,189.3444293213031,0.0,889.3444293213031,1.5,0.0,52978.84140653793,0.913428300112723,430.0,-0.1769173977022911,1.0002972247079553,0.0,17.52178545296036,20.52107323760427,0.009791919391237018,0.6941884932125765,3.052405128161873,0.0,0.0,0.9939032534344844,0.45,库存覆盖/SPR可信度/非对称调价 Challenger
56,39,calendar,2026-04-27,101.97,107.34130703573098,9416.384960224605,8914.846560732456,387.8060298291548,0.0,700.0,189.3444293213031,0.0,889.3444293213031,1.5,0.0,52978.84140653793,0.913428300112723,430.0,-0.18410140134581698,1.000207366642264,0.0,17.315889700031565,20.696092214979867,0.006831590346061926,0.5406360466644377,1.4418540879588189,0.0,0.0,0.9954834190573874,0.45,库存覆盖/SPR可信度/非对称调价 Challenger
57,40,calendar,2026-04-28,104.48,108.35384005738587,9416.384960224605,8881.186193131138,354.1456622278365,0.0,700.0,189.3444293213031,0.0,889.3444293213031,1.5,0.0,52978.84140653793,0.913428300112723,430.0,-0.1864960692269923,1.0001839177129173,0.0,17.24753493949511,20.748243168649005,0.00605907709320196,0.49740940344429335,1.1229170927770342,0.0,0.0,0.995913228561536,0.45,库存覆盖/SPR可信度/非对称调价 Challenger
58,41,calendar,2026-04-29,112.49,109.0316185347268,9416.384960224605,8856.174436575919,329.1339056726174,0.0,700.0,189.3444293213031,0.0,889.3444293213031,1.5,0.0,52978.84140653793,0.913428300112723,430.0,-0.18889073710816762,1.0001631203782606,0.0,17.179347820986976,20.79757585708484,0.005373919301605608,0.457638893969457,0.8745287111790199,0.0,0.0,0.996302136283517,0.45,库存覆盖/SPR可信度/非对称调价 Challenger
59,42,calendar,2026-04-30,110.86,109.4980426369169,9416.384960224605,8836.400314690543,309.3597837872421,0.0,700.0,189.3444293213031,0.0,889.3444293213031,1.5,0.0,52978.84140653793,0.913428300112723,430.0,-0.19128540498934288,1.0001446747971243,0.0,17.111342047997944,20.844242580837353,0.004766238853862807,0.42104820756006406,0.681083645084647,0.0,0.0,0.9966540345425288,0.45,库存覆盖/SPR可信度/非对称调价 Challenger
60,43,calendar,2026-05-01,109.2,109.82663212987909,9416.384960224605,8819.915399206828,292.87486830352645,0.0,700.0,189.3444293213031,0.0,889.3444293213031,1.5,0.0,52978.84140653793,0.913428300112723,430.0,-0.1936800728705182,1.0001283150342475,0.0,17.04352930624967,20.888387410053895,0.004227274645766288,0.3873831170825344,0.53042847612905,0.0,0.0,0.9969724452546241,0.45,库存覆盖/SPR可信度/非对称调价 Challenger
63,44,calendar,2026-05-04,114.06,110.13362615593103,9416.384960224605,8814.548873840953,287.50834293765183,0.0,700.0,189.3444293213031,0.0,889.3444293213031,1.5,0.0,52978.84140653793,0.913428300112723,430.0,-0.1936800728705182,1.0000895223616735,0.0,16.84134139990708,21.007016949251796,0.002949269444151442,0.30169435634945824,0.25055667074474897,0.0,0.0,0.9977571322805142,0.45,库存覆盖/SPR可信度/非对称调价 Challenger
64,45,calendar,2026-05-05,110.31,110.32396669688613,9416.384960224605,8809.55233517583,282.511804272528,0.0,700.0,189.3444293213031,0.0,889.3444293213031,1.5,0.0,52978.84140653793,0.913428300112723,430.0,-0.1936800728705182,1.0000793992121113,0.0,16.774386194278705,21.042365365150854,0.0026157673434033654,0.2775722198421112,0.19513373137977463,0.0,0.0,0.9979705693637043,0.45,库存覆盖/SPR可信度/非对称调价 Challenger
