维度,核心指标,阈值或判断,结论,风险提示,评分
拟合精度,"RMSE=3.368, MAE=2.738, MAPE=2.73%",MAPE <= 3%，RMSE <= 3.5,通过,样本为事件窗口条件解释，不是普通交易日逐日预测。,5.0
基准优势,"Theil U=0.754, 相对朴素RMSE改善=24.6%, 最强基准RMSE=4.467",Theil U < 1，且优于全部基准,通过,朴素基准很强，必须保留 DM 检验和方向命中证据。,5.0
机器学习辅助,"机制+Ridge相对机制RMSE改善=2.48%, 方向提升=2.2pct；纯Ridge相对机制=-35.3%",辅助层可提升，但纯历史 ML 不能替代机制模型,谨慎通过,建议写作：机制模型为主，Ridge 只作为滞后特征辅助修正层。,4.3
历史滚动验证,历史Ridge胜过朴素窗口占比=44.0%，冲突窗口Ridge改善=-2.95%,纯历史 ML 若不稳定胜出，只可作基准或辅助,谨慎通过,这不是坏事，而是支持论文不要把 LSTM/Ridge 写成主模型。,4.0
滞后复制风险,最优平移=0天，左移1天RMSE劣化=0.399,0 天平移最好，左移不应更优,通过,仍需配合拐点图说明个别日度噪声无法完全提前捕捉。,5.0
拐点解释,同步或提前捕捉=10/10，同日幅度中位捕捉率=0.14,方向同步或提前为主，幅度不夸大,谨慎通过,模型能解释方向和平台，不宜声称精确捕捉所有单日跳幅。,4.2
分段稳定性,"最差删块RMSE=4.784, 删块RMSE标准差=0.817",最差片段 RMSE <= 5，块间差异可解释,谨慎通过,最难片段集中在中期平台再定价，应在论文里主动说明。,4.4
参数稳健性,局部优秀扰动占比=99.6%,局部扰动优秀率 >= 90%,通过,这是局部稳健性，不代表任意参数都优秀。,5.0
残差结构,"Ljung-Box lag10 p=0.389, ARCH-LM p=0.246, 平方残差LB p=0.009",线性自相关不显著；波动聚集需谨慎说明,谨慎通过,金融残差有波动聚集迹象，R/GARCH 只能作审计，不替代机制模型。,4.0
