月份,月末收盘价,月均收盘价,月内最高价,月内最低价,月内交易日数,月度实现波动率,月内最大单日绝对收益,油价月度对数收益,油价月度收益率,GPR_全球综合,GPRT_威胁,GPRA_行动,GPRC_SAU_沙特,GPRC_RUS_俄罗斯,GPRC_USA_美国,GPRC_CHN_中国,数据下载日期,来源URL,GPR_历史标准分,GPR_历史分位数,GPR_全球综合_滞后1月,GPR_全球综合_滞后2月,GPRT_威胁_滞后1月,GPRT_威胁_滞后2月,GPRA_行动_滞后1月,GPRA_行动_滞后2月,GPRC_SAU_沙特_滞后1月,GPRC_SAU_沙特_滞后2月,GPR_历史标准分_滞后1月,GPR_历史标准分_滞后2月,是否冲突窗口月
2017-09-01,56.53,55.23523809523809,58.87,52.01,21,0.055545222381170836,0.0372208436724565,,,115.5344467163086,142.1448974609375,84.09626770019531,0.1298247426748275,1.1784090995788574,2.881110429763794,1.2183551788330078,2026-05-11,https://www.matteoiacoviello.com/gpr_files/data_gpr_export.xls,0.266302668896586,0.7661290322580645,,,,,,,,,,,False
2017-10-01,61.18,57.568636363636365,61.18,55.09,22,0.05625042264962825,0.0229864888576943,0.079048868035558,0.08225720856182561,91.4615707397461,109.23060607910156,69.15699768066406,0.2313123941421508,0.7426345348358154,2.098043918609619,0.6046587228775024,2026-05-11,https://www.matteoiacoviello.com/gpr_files/data_gpr_export.xls,-0.2403989068557039,0.4778225806451613,115.5344467163086,,142.1448974609375,,84.09626770019531,,0.1298247426748275,,0.266302668896586,,False
2017-11-01,61.81,62.42999999999998,64.61,60.03,22,0.07260149604648317,0.0325334192301496,0.010244824948424575,0.010297482837528626,92.59601593017578,103.94397735595705,80.11587524414062,0.6059585809707642,0.6312068700790405,2.175559759140014,0.753240168094635,2026-05-11,https://www.matteoiacoviello.com/gpr_files/data_gpr_export.xls,-0.2165203654568705,0.4959677419354839,91.4615707397461,115.5344467163086,109.23060607910156,142.1448974609375,69.15699768066406,84.09626770019531,0.2313123941421508,0.1298247426748275,-0.2403989068557039,0.266302668896586,False
2017-12-01,66.62,63.66600000000001,66.95,60.25,20,0.0706379595125032,0.0400328137817882,0.07493966909435171,0.07781912311923644,82.71825408935547,95.908447265625,62.65747833251953,0.2467330694198608,0.7904596328735352,2.001279354095459,0.7310609817504883,2026-05-11,https://www.matteoiacoviello.com/gpr_files/data_gpr_export.xls,-0.4244339315186267,0.3024193548387097,92.59601593017578,91.4615707397461,103.94397735595705,109.23060607910156,80.11587524414062,69.15699768066406,0.6059585809707642,0.2313123941421508,-0.2165203654568705,-0.2403989068557039,False
2018-01-01,68.88,68.87954545454545,70.74,66.27,22,0.045016216607106675,0.0214876033057851,0.03336102735394157,0.03392374662263564,92.42678833007812,107.64431762695312,75.66629028320312,0.3080260157585144,1.0325379371643066,2.203904628753662,0.6854663491249084,2026-05-11,https://www.matteoiacoviello.com/gpr_files/data_gpr_export.xls,-0.2200823782265016,0.4919354838709677,82.71825408935547,92.59601593017578,95.908447265625,103.94397735595705,62.65747833251953,80.11587524414062,0.2467330694198608,0.6059585809707642,-0.4244339315186267,-0.2165203654568705,False
2018-02-01,64.75,65.44449999999999,69.99,61.72,20,0.06803302617513304,0.0278191014578994,-0.06183215953982821,-0.059959349593495914,64.49137115478516,74.68311309814453,52.002201080322266,0.1394959539175033,0.7439784407615662,1.590253829956055,0.2929415106773376,2026-05-11,https://www.matteoiacoviello.com/gpr_files/data_gpr_export.xls,-0.8080852373697069,0.0907258064516129,92.42678833007812,82.71825408935547,107.64431762695312,95.908447265625,75.66629028320312,62.65747833251953,0.3080260157585144,0.2467330694198608,-0.2200823782265016,-0.4244339315186267,False
2018-03-01,69.35,66.47857142857143,70.4,63.19,21,0.06091344230323227,0.0315007429420506,0.0686324461811933,0.07104247104247086,111.96229553222656,146.9270782470703,64.55758666992188,0.2484571635723114,1.4226176738739014,2.749058246612549,0.9457401633262634,2026-05-11,https://www.matteoiacoviello.com/gpr_files/data_gpr_export.xls,0.1911137037076316,0.7338709677419355,64.49137115478516,92.42678833007812,74.68311309814453,107.64431762695312,52.002201080322266,75.66629028320312,0.1394959539175033,0.3080260157585144,-0.8080852373697069,-0.2200823782265016,False
2018-04-01,73.7,71.29650000000001,74.62,66.73,20,0.0706590711308025,0.0355685131195337,0.060836652434450376,0.0627253064167268,123.2634735107422,146.39566040039062,94.30585479736328,0.4405476748943329,1.766509771347046,3.360255718231201,1.105688214302063,2026-05-11,https://www.matteoiacoviello.com/gpr_files/data_gpr_export.xls,0.4289882599154621,0.8125,111.96229553222656,64.49137115478516,146.9270782470703,74.68311309814453,64.55758666992188,52.002201080322266,0.2484571635723114,0.1394959539175033,0.1911137037076316,-0.8080852373697069,False
2018-05-01,77.61,77.08391304347825,80.47,72.41,23,0.06172169869114966,0.0308062880324542,0.05169348567075659,0.05305291723202177,125.66661834716795,172.21670532226562,63.21790313720703,0.5084460973739624,1.2564080953598022,3.3196067810058594,1.5211362838745115,2026-05-11,https://www.matteoiacoviello.com/gpr_files/data_gpr_export.xls,0.4795712179535236,0.8185483870967742,123.2634735107422,111.96229553222656,146.39566040039062,146.9270782470703,94.30585479736328,64.55758666992188,0.4405476748943329,0.2484571635723114,0.4289882599154621,0.1911137037076316,False
2018-06-01,79.12,75.71619047619048,79.51,72.11,21,0.08106372765856344,0.0391379082374718,0.019269402448409304,0.019456255637160247,103.96858978271484,137.0244598388672,56.64043426513672,0.2684729993343353,0.8921564817428589,2.622774839401245,1.168890118598938,2026-05-11,https://www.matteoiacoviello.com/gpr_files/data_gpr_export.xls,0.0228569776180175,0.655241935483871,125.66661834716795,123.2634735107422,172.21670532226562,146.39566040039062,63.21790313720703,94.30585479736328,0.5084460973739624,0.4405476748943329,0.4795712179535236,0.4289882599154621,False
2018-07-01,74.19,75.13863636363637,79.48,71.38,22,0.08408059766612913,0.059472482881055,-0.0643363171130222,-0.06231041456016184,110.02842712402344,129.1023406982422,84.4084701538086,0.1963881701231002,1.144174575805664,2.685394763946533,1.0246338844299316,2026-05-11,https://www.matteoiacoviello.com/gpr_files/data_gpr_export.xls,0.1504083816394198,0.719758064516129,103.96858978271484,125.66661834716795,137.0244598388672,172.21670532226562,56.64043426513672,63.21790313720703,0.2684729993343353,0.5084460973739624,0.0228569776180175,0.4795712179535236,False
2018-08-01,77.71,73.98391304347825,78.19,70.67,23,0.06280410995206392,0.0299489658877247,0.04635457901971633,0.04744574740531071,112.74168395996094,145.11407470703125,68.57559204101562,0.371747225522995,1.1645092964172363,2.8082590103149414,0.96295964717865,2026-05-11,https://www.matteoiacoviello.com/gpr_files/data_gpr_export.xls,0.2075187790646684,0.7439516129032258,110.02842712402344,103.96858978271484,129.1023406982422,137.0244598388672,84.4084701538086,56.64043426513672,0.1963881701231002,0.2684729993343353,0.1504083816394198,0.0228569776180175,False
2018-09-01,82.95,78.8125,83.34,75.67,20,0.04858005725520271,0.0320889798005625,0.06525406741530268,0.06743018916484367,75.05390930175781,88.62364196777344,51.163917541503906,0.11759764701128,0.8189836144447327,1.8185635805130005,0.7727845311164856,2026-05-11,https://www.matteoiacoviello.com/gpr_files/data_gpr_export.xls,-0.5857580535207347,0.1794354838709677,112.74168395996094,110.02842712402344,145.11407470703125,129.1023406982422,68.57559204101562,84.4084701538086,0.371747225522995,0.1963881701231002,0.2075187790646684,0.1504083816394198,False
2018-10-01,74.59,80.47260869565217,86.73,74.58,23,0.08005143830389162,0.0459972351388714,-0.10623156666938162,-0.10078360458107294,92.0164794921875,115.21215057373048,61.15047454833984,0.6590871810913086,1.013346552848816,2.389190912246704,1.038062334060669,2026-05-11,https://www.matteoiacoviello.com/gpr_files/data_gpr_export.xls,-0.2287188259407957,0.4858870967741935,75.05390930175781,112.74168395996094,88.62364196777344,145.11407470703125,51.163917541503906,68.57559204101562,0.11759764701128,0.371747225522995,-0.5857580535207347,0.2075187790646684,False
2018-11-01,59.07,66.00409090909092,74.95,57.84,22,0.11409799957239397,0.0701337295690935,-0.23328326864792803,-0.20807078696876258,80.40758514404297,105.16685485839844,47.40216827392578,0.648497462272644,0.826516330242157,1.9454922676086424,0.6654516458511353,2026-05-11,https://www.matteoiacoviello.com/gpr_files/data_gpr_export.xls,-0.4730703967574143,0.2560483870967742,92.0164794921875,75.05390930175781,115.21215057373048,88.62364196777344,61.15047454833984,51.163917541503906,0.6590871810913086,0.11759764701128,-0.2287188259407957,-0.5857580535207347,False
2018-12-01,54.15,57.79200000000001,63.64,50.23,20,0.14851009859097047,0.0887924230465666,-0.08696520787214433,-0.08329101066531241,90.607666015625,106.0626983642578,66.24092864990234,0.3661112487316131,0.9340530633926392,2.234217405319214,0.8167096972465515,2026-05-11,https://www.matteoiacoviello.com/gpr_files/data_gpr_export.xls,-0.2583724497624898,0.4677419354838709,80.40758514404297,92.0164794921875,105.16685485839844,115.21215057373048,47.40216827392578,61.15047454833984,0.648497462272644,0.6590871810913086,-0.4730703967574143,-0.2287188259407957,False
2019-01-01,61.22,60.159545454545466,62.98,52.58,22,0.08012204813036251,0.0469363372589179,0.12271596007026683,0.13056325023084026,87.42410278320312,112.98045349121094,55.7335090637207,0.3144921362400055,0.9987250566482544,2.2481937408447266,0.9264768362045288,2026-05-11,https://www.matteoiacoviello.com/gpr_files/data_gpr_export.xls,-0.3253821626005304,0.3991935483870967,90.607666015625,80.40758514404297,106.0626983642578,105.16685485839844,66.24092864990234,47.40216827392578,0.3661112487316131,0.648497462272644,-0.2583724497624898,-0.4730703967574143,False
2019-02-01,66.36,64.53099999999999,67.8,60.48,20,0.06182465359257203,0.0316229116945108,0.08062053180497732,0.08395949036262662,96.80016326904295,127.857421875,57.51169967651367,0.2738173902034759,1.0575016736984253,2.431309700012207,1.071664571762085,2026-05-11,https://www.matteoiacoviello.com/gpr_files/data_gpr_export.xls,-0.1280287334901365,0.5645161290322581,87.42410278320312,90.607666015625,112.98045349121094,106.0626983642578,55.7335090637207,66.24092864990234,0.3144921362400055,0.3661112487316131,-0.3253821626005304,-0.2583724497624898,False
2019-03-01,67.55,66.78428571428572,68.46,64.03,21,0.03580851646655013,0.0204942736588306,0.01777359908396407,0.01793248945147674,82.32829284667969,90.7895965576172,66.64120483398438,0.24192875623703,0.5631100535392761,1.8770334720611572,0.771669328212738,2026-05-11,https://www.matteoiacoviello.com/gpr_files/data_gpr_export.xls,-0.4326420897934634,0.2983870967741935,96.80016326904295,87.42410278320312,127.857421875,112.98045349121094,57.51169967651367,55.7335090637207,0.2738173902034759,0.3144921362400055,-0.1280287334901365,-0.3253821626005304,False
2019-04-01,71.66,71.39428571428573,74.73,67.73,21,0.05710657731314167,0.0338223308883456,0.05906464747059998,0.06084381939304229,79.25344848632812,95.45539855957033,57.51552963256836,0.3267973959445953,0.8058017492294312,1.9384009838104248,0.5595845580101013,2026-05-11,https://www.matteoiacoviello.com/gpr_files/data_gpr_export.xls,-0.4973634169876086,0.2338709677419354,82.32829284667969,96.80016326904295,90.7895965576172,127.857421875,66.64120483398438,57.51169967651367,0.24192875623703,0.2738173902034759,-0.4326420897934634,-0.1280287334901365,False
2019-05-01,61.76,69.69652173913045,73.34,61.44,23,0.09341616526926888,0.0529059960128813,-0.14867680616028695,-0.13815238626849002,106.4719009399414,134.97251892089844,64.66343688964844,0.580245852470398,0.97137451171875,2.7765839099884033,1.1733860969543457,2026-05-11,https://www.matteoiacoviello.com/gpr_files/data_gpr_export.xls,0.0755483016293214,0.6895161290322581,79.25344848632812,82.32829284667969,95.45539855957033,90.7895965576172,57.51552963256836,66.64120483398438,0.3267973959445953,0.24192875623703,-0.4973634169876086,-0.4326420897934634,False
2019-06-01,64.55,62.5065,65.95,59.0,20,0.08075579261819484,0.0413008130081302,0.044184211576130825,0.04517487046632129,106.58845520019533,142.6534881591797,53.42063903808594,0.7075675129890442,0.9017171263694764,2.8691000938415527,1.2943308353424072,2026-05-11,https://www.matteoiacoviello.com/gpr_files/data_gpr_export.xls,0.0780016116280435,0.6915322580645161,106.4719009399414,79.25344848632812,134.97251892089844,95.45539855957033,64.66343688964844,57.51552963256836,0.580245852470398,0.3267973959445953,0.0755483016293214,-0.4973634169876086,False
2019-07-01,64.22,64.19434782608695,67.64,60.99,23,0.07999219236154613,0.0367985280588776,-0.005125428631283658,-0.005112316034082132,93.52125549316406,126.93077850341795,47.41885757446289,0.3318290412425995,0.8008140921592712,2.3758959770202637,0.7565702199935913,2026-05-11,https://www.matteoiacoviello.com/gpr_files/data_gpr_export.xls,-0.1970453203907567,0.5141129032258065,106.58845520019533,106.4719009399414,142.6534881591797,134.97251892089844,53.42063903808594,64.66343688964844,0.7075675129890442,0.580245852470398,0.0780016116280435,0.0755483016293214,False
2019-08-01,59.19,59.12181818181818,64.53,55.92,22,0.08834237426548139,0.0493615696044845,-0.08156207995873423,-0.0783245094985986,103.4044189453125,124.72541809082033,70.09744262695312,0.2521900832653045,0.8362091779708862,2.747544527053833,1.2167065143585205,2026-05-11,https://www.matteoiacoviello.com/gpr_files/data_gpr_export.xls,0.0109819423050962,0.6471774193548387,93.52125549316406,106.58845520019533,126.93077850341795,142.6534881591797,47.41885757446289,53.42063903808594,0.3318290412425995,0.7075675129890442,-0.1970453203907567,0.0780016116280435,False
2019-09-01,59.43,61.60333333333334,70.04,57.24,21,0.15356359916654713,0.1298393913778528,0.004046540675935648,0.0040547389761784736,90.36798858642578,110.8709487915039,67.81023406982422,0.9034944176673888,0.5801851153373718,2.3340272903442383,0.7263386249542236,2026-05-11,https://www.matteoiacoviello.com/gpr_files/data_gpr_export.xls,-0.2634173364293651,0.4556451612903225,103.4044189453125,93.52125549316406,124.72541809082033,126.93077850341795,70.09744262695312,47.41885757446289,0.2521900832653045,0.3318290412425995,0.0109819423050962,-0.1970453203907567,False
2019-10-01,59.6,59.46130434782609,62.05,56.24,23,0.06249438070468487,0.0283783783783784,0.00285642469273478,0.0028605081608614746,97.83673095703124,121.31104278564452,69.96658325195312,0.4204153716564178,1.072059154510498,2.4678382873535156,0.6726645827293396,2026-05-11,https://www.matteoiacoviello.com/gpr_files/data_gpr_export.xls,-0.1062103815246739,0.5766129032258065,90.36798858642578,103.4044189453125,110.8709487915039,124.72541809082033,67.81023406982422,70.09744262695312,0.9034944176673888,0.2521900832653045,-0.2634173364293651,0.0109819423050962,False
2019-11-01,60.73,62.23380952380952,63.62,59.42,21,0.08111392252167841,0.0402970922882428,0.01878223583817981,0.01895973154362407,73.07838439941406,84.5873031616211,53.03253173828125,0.1144366189837455,0.4709506928920746,1.7385563850402832,0.6029929518699646,2026-05-11,https://www.matteoiacoviello.com/gpr_files/data_gpr_export.xls,-0.6273401886146075,0.1532258064516129,97.83673095703124,90.36798858642578,121.31104278564452,110.8709487915039,69.96658325195312,67.81023406982422,0.4204153716564178,0.9034944176673888,-0.1062103815246739,-0.2634173364293651,False
2019-12-01,66.03,64.56,67.51,60.31,21,0.038147438203786174,0.0305755395683453,0.08367137429699617,0.08727152972171925,74.27989196777344,80.11077117919922,63.33135223388672,0.296087771654129,0.5824677348136902,1.7231336832046509,0.6018832921981812,2026-05-11,https://www.matteoiacoviello.com/gpr_files/data_gpr_export.xls,-0.6020500745975397,0.1673387096774193,73.07838439941406,97.83673095703124,84.5873031616211,121.31104278564452,53.03253173828125,69.96658325195312,0.1144366189837455,0.4204153716564178,-0.6273401886146075,-0.1062103815246739,False
2020-01-01,56.66,63.3309090909091,71.13,55.95,22,0.07872518300641894,0.0399941614362867,-0.1530406898041096,-0.14190519460851136,138.4209442138672,190.8443603515625,81.65093994140625,0.8030002117156982,1.1780277490615845,3.622325181961059,1.2574454545974731,2026-05-11,https://www.matteoiacoviello.com/gpr_files/data_gpr_export.xls,0.7480325775603587,0.8729838709677419,74.27989196777344,73.07838439941406,80.11077117919922,84.5873031616211,63.33135223388672,53.03253173828125,0.296087771654129,0.1144366189837455,-0.6020500745975397,-0.6273401886146075,False
2020-02-01,50.09,55.241499999999995,59.55,48.96,20,0.10042604470497216,0.0434168725732437,-0.12324710703284493,-0.1159548182139074,75.95555877685547,87.1624526977539,56.68605041503906,0.1783325970172882,0.6598305702209473,1.5158270597457886,0.8738296627998352,2026-05-11,https://www.matteoiacoviello.com/gpr_files/data_gpr_export.xls,-0.5667795479922296,0.1875,138.4209442138672,74.27989196777344,190.8443603515625,80.11077117919922,81.65093994140625,63.33135223388672,0.8030002117156982,0.296087771654129,0.7480325775603587,-0.6020500745975397,False
2020-03-01,25.92,35.56409090909091,53.76,25.3,22,0.3403344188084895,0.2301098901098901,-0.6588065158854515,-0.4825314434018766,81.54003143310547,97.09007263183594,62.90298843383789,0.0812382400035858,0.4275696873664856,1.7102787494659424,0.6712844371795654,2026-05-11,https://www.matteoiacoviello.com/gpr_files/data_gpr_export.xls,-0.4492339295367353,0.2782258064516129,75.95555877685547,138.4209442138672,87.1624526977539,190.8443603515625,56.68605041503906,81.65093994140625,0.1783325970172882,0.8030002117156982,-0.5667795479922296,0.7480325775603587,False
2020-04-01,26.66,28.579047619047618,36.31,19.99,21,0.39433115641815986,0.2022207267833108,0.02814944326648852,0.028549382716049232,69.33940124511719,81.76082611083984,47.59123229980469,0.1346269845962524,0.352815568447113,1.531962275505066,0.6035003066062927,2026-05-11,https://www.matteoiacoviello.com/gpr_files/data_gpr_export.xls,-0.7060407417947941,0.125,81.54003143310547,75.95555877685547,97.09007263183594,87.1624526977539,62.90298843383789,56.68605041503906,0.0812382400035858,0.1783325970172882,-0.4492339295367353,-0.5667795479922296,False
2020-05-01,37.61,33.33,38.01,25.5,21,0.24424349683334795,0.1701694915254239,0.34410565773168245,0.41072768192048015,68.50721740722656,83.35546112060547,42.29555892944336,0.0811103135347366,0.2928983271121979,1.7078226804733276,0.7615357041358948,2026-05-11,https://www.matteoiacoviello.com/gpr_files/data_gpr_export.xls,-0.7235570893381997,0.1149193548387096,69.33940124511719,81.54003143310547,81.76082611083984,97.09007263183594,47.59123229980469,62.90298843383789,0.1346269845962524,0.0812382400035858,-0.7060407417947941,-0.4492339295367353,False
2020-06-01,41.63,40.766818181818174,43.95,37.23,22,0.12576169414970514,0.0660058027079303,0.10155108872463907,0.10688646636532839,71.22785949707031,85.86660766601562,49.760887145996094,0.0599852353334426,0.489110380411148,1.651901125907898,0.7705795764923096,2026-05-11,https://www.matteoiacoviello.com/gpr_files/data_gpr_export.xls,-0.6662912422776325,0.1391129032258064,68.50721740722656,69.33940124511719,83.35546112060547,81.76082611083984,42.29555892944336,47.59123229980469,0.0811103135347366,0.1346269845962524,-0.7235570893381997,-0.7060407417947941,False
2020-07-01,43.71,43.36086956521739,45.06,41.05,23,0.061255518766662784,0.0235185612174313,0.04875584766833897,0.04996396829209693,66.47328186035156,88.73797607421875,36.25208282470703,0.0945137068629264,0.4005580842494964,1.5392231941223145,0.9271344542503356,2026-05-11,https://www.matteoiacoviello.com/gpr_files/data_gpr_export.xls,-0.7663686897295927,0.1028225806451613,71.22785949707031,68.50721740722656,85.86660766601562,83.35546112060547,49.760887145996094,42.29555892944336,0.0599852353334426,0.0811103135347366,-0.6662912422776325,-0.7235570893381997,False
2020-08-01,45.57,45.35095238095238,46.53,42.93,21,0.05202905146719339,0.0218665464382326,0.04167269640056808,0.042553191489361764,65.46604919433594,90.00911712646484,28.454627990722656,0.12912417948246,0.5120441913604736,1.455986499786377,0.6634311676025391,2026-05-11,https://www.matteoiacoviello.com/gpr_files/data_gpr_export.xls,-0.7875695790423691,0.094758064516129,66.47328186035156,71.22785949707031,88.73797607421875,85.86660766601562,36.25208282470703,49.760887145996094,0.0945137068629264,0.0599852353334426,-0.7663686897295927,-0.6662912422776325,False
2020-09-01,42.12,42.217727272727274,46.2,39.36,22,0.1057811217713093,0.0537583254043767,-0.07872691801001655,-0.07570770243581315,80.37738037109375,101.25764465332033,49.51808166503906,0.1030650660395622,0.9320666790008544,1.6983330249786377,0.8603692650794983,2026-05-11,https://www.matteoiacoviello.com/gpr_files/data_gpr_export.xls,-0.4737061664952516,0.2540322580645161,65.46604919433594,66.47328186035156,90.00911712646484,88.73797607421875,28.454627990722656,36.25208282470703,0.12912417948246,0.0945137068629264,-0.7875695790423691,-0.7663686897295927,False
2020-10-01,37.86,41.60954545454545,43.81,37.27,22,0.12017523063978792,0.0676092544987148,-0.1066275414845979,-0.10113960113960108,76.08316802978516,97.65258026123048,42.68144226074219,0.1138904094696044,0.8520690202713013,1.6619564294815063,0.64959716796875,2026-05-11,https://www.matteoiacoviello.com/gpr_files/data_gpr_export.xls,-0.5640935453059284,0.1915322580645161,80.37738037109375,65.46604919433594,101.25764465332033,90.00911712646484,49.51808166503906,28.454627990722656,0.1030650660395622,0.12912417948246,-0.4737061664952516,-0.7875695790423691,False
2020-11-01,47.76,44.0852380952381,48.99,35.81,21,0.0969560906500019,0.0483103284150403,0.23229332330316976,0.26148969889064966,70.06746673583984,79.03644561767578,62.31394577026367,0.137658879160881,0.4542742967605591,1.3123480081558228,0.4175652861595154,2026-05-11,https://www.matteoiacoviello.com/gpr_files/data_gpr_export.xls,-0.6907159450501422,0.1310483870967742,76.08316802978516,80.37738037109375,97.65258026123048,101.25764465332033,42.68144226074219,49.51808166503906,0.1138904094696044,0.1030650660395622,-0.5640935453059284,-0.4737061664952516,False
2020-12-01,51.72,50.21272727272728,52.41,46.82,22,0.060559341716747886,0.0296039199673336,0.07965608481931016,0.08291457286432169,64.06729125976562,86.81527709960938,31.744428634643555,0.2219074666500091,0.5760151147842407,1.4353163242340088,0.5949008464813232,2026-05-11,https://www.matteoiacoviello.com/gpr_files/data_gpr_export.xls,-0.8170115472655612,0.0826612903225806,70.06746673583984,76.08316802978516,79.03644561767578,97.65258026123048,62.31394577026367,42.68144226074219,0.137658879160881,0.1138904094696044,-0.6907159450501422,-0.5640935453059284,False
2021-01-01,54.91,55.16350000000001,57.41,50.58,20,0.08598071104991795,0.0572330767712649,0.05985092738712454,0.06167826759474093,77.418701171875,98.47562408447266,48.2874870300293,0.1990357786417007,0.5926843285560608,1.901897430419922,0.7740280628204346,2026-05-11,https://www.matteoiacoviello.com/gpr_files/data_gpr_export.xls,-0.5359823737024529,0.2096774193548387,64.06729125976562,70.06746673583984,86.81527709960938,79.03644561767578,31.744428634643555,62.31394577026367,0.2219074666500091,0.137658879160881,-0.8170115472655612,-0.6907159450501422,False
2021-02-01,64.63,61.89200000000001,66.8,54.6,20,0.08026117748958247,0.0467440361057382,0.1629832179840228,0.17701693680568198,73.95680236816406,94.48355865478516,46.326778411865234,0.1981442123651504,0.5122752785682678,1.5754880905151367,0.7152522802352905,2026-05-11,https://www.matteoiacoviello.com/gpr_files/data_gpr_export.xls,-0.608850674965798,0.1592741935483871,77.418701171875,64.06729125976562,98.47562408447266,86.81527709960938,48.2874870300293,31.744428634643555,0.1990357786417007,0.2219074666500091,-0.5359823737024529,-0.8170115472655612,False
2021-03-01,63.07,65.53956521739131,71.38,60.33,23,0.15196996296934603,0.0689143026882519,-0.024433478599244156,-0.02413739749342403,78.61876678466797,100.85202026367188,49.41804122924805,0.2270742356777191,0.6331877708435059,1.759825348854065,0.8384279608726501,2026-05-11,https://www.matteoiacoviello.com/gpr_files/data_gpr_export.xls,-0.5107226109055042,0.2237903225806451,73.95680236816406,77.418701171875,94.48355865478516,98.47562408447266,46.326778411865234,48.2874870300293,0.1981442123651504,0.1990357786417007,-0.608850674965798,-0.5359823737024529,False
2021-04-01,66.44,65.01238095238095,68.44,61.25,21,0.074412507286527,0.0363495746326374,0.052054064069534195,0.0534326938322498,88.16622161865234,109.5869598388672,67.87379455566406,0.0838027819991111,1.1965175867080688,1.9786767959594729,0.7356022000312805,2026-05-11,https://www.matteoiacoviello.com/gpr_files/data_gpr_export.xls,-0.3097615619010676,0.4112903225806452,78.61876678466797,73.95680236816406,100.85202026367188,94.48355865478516,49.41804122924805,46.326778411865234,0.2270742356777191,0.1981442123651504,-0.5107226109055042,-0.608850674965798,False
2021-05-01,69.46,68.26666666666668,70.24,64.5,21,0.07705890461944043,0.029596151042426,0.044451762570833796,0.045454545454545414,93.00713348388672,120.7828369140625,52.62611389160156,0.0908677875995636,0.8268968462944031,2.0172648429870605,0.6360744833946228,2026-05-11,https://www.matteoiacoviello.com/gpr_files/data_gpr_export.xls,-0.207866895365155,0.5080645161290323,88.16622161865234,78.61876678466797,109.5869598388672,100.85202026367188,67.87379455566406,49.41804122924805,0.0838027819991111,0.2270742356777191,-0.3097615619010676,-0.5107226109055042,False
2021-06-01,74.67,73.00772727272727,75.77,69.29,22,0.03895405688853011,0.022099447513812,0.07232735773168249,0.07500719838756131,74.12712097167969,92.54654693603516,46.34864044189453,0.1021165996789932,0.8308577537536621,1.698848843574524,0.7287411689758301,2026-05-11,https://www.matteoiacoviello.com/gpr_files/data_gpr_export.xls,-0.6052656980454949,0.1653225806451612,93.00713348388672,88.16622161865234,120.7828369140625,109.5869598388672,52.62611389160156,67.87379455566406,0.0908677875995636,0.0838027819991111,-0.207866895365155,-0.3097615619010676,False
2021-07-01,75.22,73.91045454545453,77.84,66.91,22,0.10379969438849156,0.0620736698499317,0.007338747994579968,0.007365742600776715,58.42076873779297,64.03631591796875,50.7158317565918,0.0627408772706985,0.4884825646877289,1.2503361701965332,0.5243344902992249,2026-05-11,https://www.matteoiacoviello.com/gpr_files/data_gpr_export.xls,-0.9358632317169714,0.0584677419354838,74.12712097167969,93.00713348388672,92.54654693603516,120.7828369140625,46.34864044189453,52.62611389160156,0.1021165996789932,0.0908677875995636,-0.6052656980454949,-0.207866895365155,False
2021-08-01,71.7,70.08863636363635,75.39,64.2,22,0.09641538025650995,0.0588508595322907,-0.04792640543661555,-0.046796064876362564,89.4865493774414,103.20159149169922,76.48285675048828,0.0627564564347267,0.6854935884475708,2.148201704025269,0.588945209980011,2026-05-11,https://www.matteoiacoviello.com/gpr_files/data_gpr_export.xls,-0.2819704431108049,0.439516129032258,58.42076873779297,74.12712097167969,64.03631591796875,92.54654693603516,50.7158317565918,46.34864044189453,0.0627408772706985,0.1021165996789932,-0.9358632317169714,-0.6052656980454949,False
2021-09-01,78.36,74.43,79.95,70.42,22,0.05676217931887628,0.0221381532856943,0.08882284547076535,0.09288702928870296,80.69696807861328,92.0473175048828,67.94027709960938,0.102996252477169,0.6039325594902039,1.9194756746292112,0.8380149602890015,2026-05-11,https://www.matteoiacoviello.com/gpr_files/data_gpr_export.xls,-0.4669792762329967,0.2620967741935484,89.4865493774414,58.42076873779297,103.20159149169922,64.03631591796875,76.48285675048828,50.7158317565918,0.0627564564347267,0.0627408772706985,-0.2819704431108049,-0.9358632317169714,False
2021-10-01,83.53,83.49333333333335,86.04,77.55,21,0.05553482360636701,0.0256183745583038,0.0638922556914749,0.0659775395610005,79.02923583984375,93.80802917480467,61.149112701416016,0.1030604466795921,0.5466684699058533,1.6444863080978394,0.761751115322113,2026-05-11,https://www.matteoiacoviello.com/gpr_files/data_gpr_export.xls,-0.502082790833419,0.2298387096774193,80.69696807861328,89.4865493774414,92.0473175048828,103.20159149169922,67.94027709960938,76.48285675048828,0.102996252477169,0.0627564564347267,-0.4669792762329967,-0.2819704431108049,False
2021-11-01,70.22,80.36181818181818,85.5,67.45,22,0.1445551343316837,0.1133613237836503,-0.1735726780275287,-0.15934394828205434,86.56914520263672,121.5009536743164,39.74269104003906,0.1279317736625671,1.2129826545715332,1.8621180057525637,0.7960199117660522,2026-05-11,https://www.matteoiacoviello.com/gpr_files/data_gpr_export.xls,-0.3433778667156572,0.3870967741935484,79.02923583984375,80.69696807861328,93.80802917480467,92.0473175048828,61.149112701416016,67.94027709960938,0.1030604466795921,0.102996252477169,-0.502082790833419,-0.4669792762329967,False
2021-12-01,77.94,74.80217391304348,80.03,65.72,23,0.0928717390858268,0.0493299116053607,0.10430612917027701,0.10994018798063232,105.34542083740234,155.3102569580078,47.65493392944336,0.1481115818023681,1.7230314016342163,2.478400468826294,0.863984227180481,2026-05-11,https://www.matteoiacoviello.com/gpr_files/data_gpr_export.xls,0.0518374145892408,0.6794354838709677,86.56914520263672,79.02923583984375,121.5009536743164,93.80802917480467,39.74269104003906,61.149112701416016,0.1279317736625671,0.1030604466795921,-0.3433778667156572,-0.502082790833419,False
2022-01-01,89.31,85.14904761904762,90.27,77.04,21,0.06027208173294442,0.0339506172839505,0.13617416378523156,0.1458814472671286,138.67498779296875,199.48751831054688,63.25152969360352,0.2181500941514969,2.777777671813965,3.3158812522888184,0.7950358986854553,2026-05-11,https://www.matteoiacoviello.com/gpr_files/data_gpr_export.xls,0.7533798523091606,0.8810483870967742,105.34542083740234,86.56914520263672,155.3102569580078,121.5009536743164,47.65493392944336,39.74269104003906,0.1481115818023681,0.1279317736625671,0.0518374145892408,-0.3433778667156572,False
2022-02-01,98.12,92.78399999999999,102.26,87.72,20,0.09164912282865012,0.0476786645800729,0.09407775569449396,0.09864516851416427,216.1590118408203,320.6058654785156,105.2183074951172,0.1761804074048996,5.396154403686523,4.87768030166626,1.5000503063201904,2026-05-11,https://www.matteoiacoviello.com/gpr_files/data_gpr_export.xls,2.3843140671865077,0.9717741935483872,138.67498779296875,105.34542083740234,199.48751831054688,155.3102569580078,63.25152969360352,47.65493392944336,0.2181500941514969,0.1481115818023681,0.7533798523091606,0.0518374145892408,False
2022-03-01,105.65,110.5695652173913,139.13,94.61,23,0.2790600641089627,0.1309955974356993,0.07394052467177716,0.07674276396249491,318.9549255371094,403.713623046875,250.9558563232422,0.4573904573917389,8.801155090332031,6.899374008178711,2.474723100662231,2026-05-11,https://www.matteoiacoviello.com/gpr_files/data_gpr_export.xls,4.54802942473324,0.9879032258064516,216.1590118408203,138.67498779296875,320.6058654785156,199.48751831054688,105.2183074951172,63.25152969360352,0.1761804074048996,0.2181500941514969,2.3843140671865077,0.7533798523091606,False
2022-04-01,106.08,105.55,113.61,97.57,20,0.11435422696665143,0.0561650729743332,0.0040617823754866625,0.004070042593468992,191.14309692382812,221.9105529785156,184.41781616210935,0.128309816122055,4.8291144371032715,3.965939521789551,1.1256269216537476,2026-05-11,https://www.matteoiacoviello.com/gpr_files/data_gpr_export.xls,1.8577627934763703,0.9657258064516128,318.9549255371094,216.1590118408203,403.713623046875,320.6058654785156,250.9558563232422,105.2183074951172,0.4573904573917389,0.1761804074048996,4.54802942473324,2.3843140671865077,False
2022-05-01,116.27,110.44454545454545,120.8,101.3,22,0.13084425220841778,0.0703939233350997,0.09172154624296433,0.09605957767722462,142.25848388671875,166.424560546875,140.13734436035156,0.0509309023618698,3.1916699409484863,3.1463980674743652,1.0073001384735107,2026-05-11,https://www.matteoiacoviello.com/gpr_files/data_gpr_export.xls,0.8288076125474113,0.8911290322580645,191.14309692382812,318.9549255371094,221.9105529785156,403.713623046875,184.41781616210935,250.9558563232422,0.128309816122055,0.4573904573917389,1.8577627934763703,4.54802942473324,False
2022-06-01,109.2,115.46363636363635,124.4,104.35,22,0.10208123109470574,0.0455367134372041,-0.06273400936971203,-0.06080674292594812,130.7073211669922,160.72695922851562,114.81468963623048,0.1883682608604431,3.025665283203125,2.878502368927002,0.8535436987876892,2026-05-11,https://www.matteoiacoviello.com/gpr_files/data_gpr_export.xls,0.5856712146548178,0.8387096774193549,142.25848388671875,191.14309692382812,166.424560546875,221.9105529785156,140.13734436035156,184.41781616210935,0.0509309023618698,0.128309816122055,0.8288076125474113,1.8577627934763703,False
2022-07-01,104.0,102.66666666666667,114.75,94.37,21,0.14922808378295563,0.0793288236844417,-0.048790164169432056,-0.04761904761904767,117.17676544189452,141.24293518066406,97.83872985839844,0.4182642102241516,2.6954803466796875,2.5851051807403564,0.8132914900779724,2026-05-11,https://www.matteoiacoviello.com/gpr_files/data_gpr_export.xls,0.3008712633159686,0.7762096774193549,130.7073211669922,142.25848388671875,160.72695922851562,166.424560546875,114.81468963623048,140.13734436035156,0.1883682608604431,0.0509309023618698,0.5856712146548178,0.8288076125474113,False
2022-08-01,94.96,97.02739130434783,104.43,90.95,23,0.12485385519725714,0.0536078271504281,-0.09093514883996014,-0.08692307692307699,132.86322021484375,159.38302612304688,111.15857696533205,0.1243486478924751,2.415916681289673,3.132401704788208,1.2375651597976685,2026-05-11,https://www.matteoiacoviello.com/gpr_files/data_gpr_export.xls,0.6310499822674958,0.8487903225806451,117.17676544189452,130.7073211669922,141.24293518066406,160.72695922851562,97.83872985839844,114.81468963623048,0.4182642102241516,0.1883682608604431,0.3008712633159686,0.5856712146548178,False
2022-09-01,85.57,89.75318181818183,96.99,82.44,22,0.12354667530447758,0.0553581044695745,-0.10412099587144914,-0.09888374052232518,131.98587036132812,170.31179809570312,108.6280746459961,0.1119293048977851,3.0220913887023926,2.927834987640381,1.136966109275818,2026-05-11,https://www.matteoiacoviello.com/gpr_files/data_gpr_export.xls,0.6125829510039595,0.8467741935483871,132.86322021484375,117.17676544189452,159.38302612304688,141.24293518066406,111.15857696533205,97.83872985839844,0.1243486478924751,0.4182642102241516,0.6310499822674958,0.3008712633159686,False
2022-10-01,92.85,92.79238095238095,98.75,86.35,21,0.0994051339744328,0.037189211967973,0.08165053336875136,0.08507654551828914,143.16241455078125,185.2843017578125,112.6750259399414,0.3691923320293426,3.385209560394287,3.402249336242676,1.1814154386520386,2026-05-11,https://www.matteoiacoviello.com/gpr_files/data_gpr_export.xls,0.8478341340273216,0.8971774193548387,131.98587036132812,132.86322021484375,170.31179809570312,159.38302612304688,108.6280746459961,111.15857696533205,0.1119293048977851,0.1243486478924751,0.6125829510039595,0.6310499822674958,False
2022-11-01,86.64,90.58272727272727,99.56,81.09,22,0.10788092873107842,0.0439932318104907,-0.06922368510597951,-0.06688206785137307,116.7162857055664,143.0465545654297,98.68260955810548,0.1653458029031753,2.4630823135375977,2.6968469619750977,1.1175096035003662,2026-05-11,https://www.matteoiacoviello.com/gpr_files/data_gpr_export.xls,0.2911787858476916,0.7701612903225806,143.16241455078125,131.98587036132812,185.2843017578125,170.31179809570312,112.6750259399414,108.6280746459961,0.3691923320293426,0.1119293048977851,0.8478341340273216,0.6125829510039595,False
2022-12-01,85.99,81.80523809523811,89.37,75.11,21,0.09777411833432174,0.0396337790627635,-0.00753059226993009,-0.007502308402585478,111.19593811035156,119.1385269165039,109.772216796875,0.1611803323030471,2.2813217639923096,2.5540883541107178,0.8740933537483215,2026-05-11,https://www.matteoiacoviello.com/gpr_files/data_gpr_export.xls,0.1749829134509299,0.7278225806451613,116.7162857055664,143.16241455078125,143.0465545654297,185.2843017578125,98.68260955810548,112.6750259399414,0.1653458029031753,0.3691923320293426,0.2911787858476916,0.8478341340273216,False
2023-01-01,85.53,84.02809523809525,89.0,77.61,21,0.1022988846253398,0.0528741207858355,-0.005363818830114794,-0.005349459239446408,104.2670440673828,113.02135467529295,94.62993621826172,0.0442254245281219,1.971190333366394,2.4071266651153564,0.6696992516517639,2026-05-11,https://www.matteoiacoviello.com/gpr_files/data_gpr_export.xls,0.0291390378287925,0.6633064516129032,111.19593811035156,116.7162857055664,119.1385269165039,143.0465545654297,109.772216796875,98.68260955810548,0.1611803323030471,0.1653458029031753,0.1749829134509299,0.2911787858476916,False
2023-02-01,83.11,83.306,86.95,79.1,20,0.08135574234921412,0.0330466830466831,-0.028702160027755365,-0.02829416578978139,120.99437713623048,147.05015563964844,103.02875518798828,0.1400934010744094,2.301534414291382,2.9753167629241943,1.4876583814620972,2026-05-11,https://www.matteoiacoviello.com/gpr_files/data_gpr_export.xls,0.3812268412292068,0.8024193548387096,104.2670440673828,111.19593811035156,113.02135467529295,119.1385269165039,94.62993621826172,109.772216796875,0.0442254245281219,0.1611803323030471,0.0291390378287925,0.1749829134509299,False
2023-03-01,79.93,78.86826086956522,86.75,70.06,23,0.098791947086817,0.0429089966295048,-0.03901377992700721,-0.038262543616893185,105.37997436523438,125.08584594726562,86.75404357910156,0.3656091392040252,2.046231985092163,2.6241302490234375,1.4093643426895142,2026-05-11,https://www.matteoiacoviello.com/gpr_files/data_gpr_export.xls,0.0525647197528339,0.6814516129032258,120.99437713623048,104.2670440673828,147.05015563964844,113.02135467529295,103.02875518798828,94.62993621826172,0.1400934010744094,0.0442254245281219,0.3812268412292068,0.0291390378287925,False
2023-04-01,80.26,83.36473684210526,87.49,77.36,19,0.09315893151906304,0.060678093331665,0.004120113200842988,0.004128612535968967,106.80965423583984,118.16682434082033,93.2484130859375,0.4150454103946686,1.8093385696411133,2.4448766708374023,1.225680947303772,2026-05-11,https://www.matteoiacoviello.com/gpr_files/data_gpr_export.xls,0.0826575530296896,0.6955645161290323,105.37997436523438,120.99437713623048,125.08584594726562,147.05015563964844,86.75404357910156,103.02875518798828,0.3656091392040252,0.1400934010744094,0.0525647197528339,0.3812268412292068,False
2023-05-01,72.13,75.69608695652175,80.24,71.28,23,0.11048610458060283,0.0525188916876574,-0.10680131832318955,-0.10129578868676814,108.46768188476562,122.47150421142578,92.75943756103516,0.3332121670246124,1.90233850479126,2.508178949356079,1.0844541788101196,2026-05-11,https://www.matteoiacoviello.com/gpr_files/data_gpr_export.xls,0.1175567991010568,0.7056451612903226,106.80965423583984,105.37997436523438,118.16682434082033,125.08584594726562,93.2484130859375,86.75404357910156,0.4150454103946686,0.3656091392040252,0.0826575530296896,0.0525647197528339,False
2023-06-01,75.19,75.03909090909092,78.73,71.58,22,0.08850583013787558,0.039045842217484,0.04154819687435433,0.042423402190489456,110.52894592285156,129.40652465820312,95.2789077758789,0.2079637944698333,2.214202642440796,2.4588658809661865,1.058168649673462,2026-05-11,https://www.matteoiacoviello.com/gpr_files/data_gpr_export.xls,0.1609436273785153,0.7237903225806451,108.46768188476562,106.80965423583984,122.47150421142578,118.16682434082033,92.75943756103516,93.2484130859375,0.3332121670246124,0.4150454103946686,0.1175567991010568,0.0826575530296896,False
2023-07-01,85.23,79.9742857142857,85.58,74.56,21,0.05299755191319558,0.0234240863379937,0.12533524114427083,0.13352839473334233,107.44878387451172,123.80915069580078,91.76800537109376,0.0931445583701133,2.080228567123413,2.4838550090789795,0.9749130606651306,2026-05-11,https://www.matteoiacoviello.com/gpr_files/data_gpr_export.xls,0.096110370023402,0.6995967741935484,110.52894592285156,108.46768188476562,129.40652465820312,122.47150421142578,95.2789077758789,92.75943756103516,0.2079637944698333,0.3332121670246124,0.1609436273785153,0.1175567991010568,False
2023-08-01,86.82,84.94260869565217,88.1,81.61,23,0.062141199889655316,0.0268440709617181,0.018483525337241215,0.018655403027103112,101.14118194580078,117.60943603515624,83.60504913330078,0.2669578790664673,1.9657808542251587,2.1599321365356445,0.9889576435089112,2026-05-11,https://www.matteoiacoviello.com/gpr_files/data_gpr_export.xls,-0.036656144439088,0.6229838709677419,107.44878387451172,110.52894592285156,123.80915069580078,129.40652465820312,91.76800537109376,95.2789077758789,0.0931445583701133,0.2079637944698333,0.096110370023402,0.1609436273785153,False
2023-09-01,92.11,91.76809523809523,95.35,86.74,21,0.048937576859590916,0.0249942409583046,0.0591465051286968,0.06093066113798673,98.6348114013672,125.65179443359376,68.4659194946289,0.2480488866567611,1.9057414531707764,2.2203400135040283,1.0829451084136963,2026-05-11,https://www.matteoiacoviello.com/gpr_files/data_gpr_export.xls,-0.0894118644253534,0.5866935483870968,101.14118194580078,107.44878387451172,117.60943603515624,123.80915069580078,83.60504913330078,91.76800537109376,0.2669578790664673,0.0931445583701133,-0.036656144439088,0.096110370023402,False
2023-10-01,85.62,88.38636363636364,93.33,83.44,22,0.11259190110749495,0.0549945115257957,-0.07306461428334411,-0.07045923352513295,197.8870086669922,205.04005432128903,221.8039398193359,0.7941721081733704,1.8391354084014893,4.424673080444336,1.0389920473098757,2026-05-11,https://www.matteoiacoviello.com/gpr_files/data_gpr_export.xls,1.9997130411460944,0.967741935483871,98.6348114013672,101.14118194580078,125.65179443359376,117.60943603515624,68.4659194946289,83.60504913330078,0.2480488866567611,0.2669578790664673,-0.0894118644253534,-0.036656144439088,False
2023-11-01,80.35,81.86045454545454,87.8,76.6,22,0.09983411752899345,0.0446527692117921,-0.06352680853327858,-0.061551039476757885,156.69613647460938,143.49435424804688,189.5543975830078,0.2941360473632812,1.2704174518585205,3.72989559173584,0.9199574589729308,2026-05-11,https://www.matteoiacoviello.com/gpr_files/data_gpr_export.xls,1.1327007295796596,0.9314516129032258,197.8870086669922,98.6348114013672,205.04005432128903,125.65179443359376,221.8039398193359,68.4659194946289,0.7941721081733704,0.2480488866567611,1.9997130411460944,-0.0894118644253534,False
2023-12-01,77.08,77.32600000000001,81.54,72.29,20,0.08042313612501875,0.0366574694521089,-0.04154824863735591,-0.04069695084007463,142.2794647216797,136.1783905029297,173.96380615234375,0.276776522397995,1.4997425079345703,3.424304723739624,0.7015963196754456,2026-05-11,https://www.matteoiacoviello.com/gpr_files/data_gpr_export.xls,0.8292492308295666,0.8931451612903226,156.69613647460938,197.8870086669922,143.49435424804688,205.04005432128903,189.5543975830078,221.8039398193359,0.2941360473632812,0.7941721081733704,1.1327007295796596,1.9997130411460944,False
2024-01-01,80.69,78.99318181818181,84.17,74.79,22,0.07280361707499516,0.0333333333333334,0.04577080831424951,0.04683445770627914,160.3736572265625,140.83609008789062,208.4711456298828,0.563697874546051,1.5533007383346558,3.851935386657715,0.970812976360321,2026-05-11,https://www.matteoiacoviello.com/gpr_files/data_gpr_export.xls,1.2101075820758307,0.939516129032258,142.2794647216797,156.69613647460938,136.1783905029297,143.49435424804688,173.96380615234375,189.5543975830078,0.276776522397995,0.2941360473632812,0.8292492308295666,1.1327007295796596,False
2024-02-01,82.02,81.19190476190477,83.6,76.62,21,0.05484701495625563,0.0292081077678458,0.016348468103498028,0.01648283554343788,146.59817504882812,140.2446746826172,171.18118286132812,0.2813583612442016,1.720866322517395,3.395930051803589,0.7720997333526611,2026-05-11,https://www.matteoiacoviello.com/gpr_files/data_gpr_export.xls,0.9201522592053344,0.905241935483871,160.3736572265625,142.2794647216797,140.83609008789062,136.1783905029297,208.4711456298828,173.96380615234375,0.563697874546051,0.276776522397995,1.2101075820758307,0.8292492308295666,False
2024-03-01,87.07,84.4125,87.07,81.08,20,0.04493048178988473,0.0193054881010199,0.059749272876611095,0.0615703486954402,133.21316528320312,121.53968048095705,151.81399536132812,0.1967051923274994,1.5797885656356812,2.9444308280944824,0.8790262937545776,2026-05-11,https://www.matteoiacoviello.com/gpr_files/data_gpr_export.xls,0.6384158540369127,0.8508064516129032,146.59817504882812,160.3736572265625,140.2446746826172,140.83609008789062,171.18118286132812,208.4711456298828,0.2813583612442016,0.563697874546051,0.9201522592053344,1.2101075820758307,False
2024-04-01,85.92,88.65818181818182,92.18,85.03,22,0.05267830762963964,0.0296370296370296,-0.01329576207996953,-0.013207763868151923,163.9473419189453,170.697998046875,165.99069213867188,0.3923802375793457,1.8289982080459597,4.018733024597168,1.044237732887268,2026-05-11,https://www.matteoiacoviello.com/gpr_files/data_gpr_export.xls,1.285328825546499,0.9455645161290324,133.21316528320312,146.59817504882812,121.53968048095705,140.2446746826172,151.81399536132812,171.18118286132812,0.1967051923274994,0.2813583612442016,0.6384158540369127,0.9201522592053344,False
2024-05-01,81.37,82.96391304347824,85.89,80.44,23,0.05323376798332585,0.0272346368715084,-0.05440997605198865,-0.052956238361266283,130.52186584472656,131.44712829589844,133.154296875,0.2569121718406677,1.718864679336548,3.1074137687683105,0.9358943104743958,2026-05-11,https://www.matteoiacoviello.com/gpr_files/data_gpr_export.xls,0.5817676302174979,0.8346774193548387,163.9473419189453,133.21316528320312,170.697998046875,121.53968048095705,165.99069213867188,151.81399536132812,0.3923802375793457,0.1967051923274994,1.285328825546499,0.6384158540369127,False
2024-06-01,84.84,82.4905,86.18,76.76,20,0.06730789063219904,0.0395723239523165,0.04176047498791586,0.042644709352341215,113.0927963256836,125.71302795410156,109.73841094970705,0.1521683931350708,1.4709612131118774,2.6883084774017334,0.8939893245697021,2026-05-11,https://www.matteoiacoviello.com/gpr_files/data_gpr_export.xls,0.2149092208694198,0.7459677419354839,130.52186584472656,163.9473419189453,131.44712829589844,170.697998046875,133.154296875,165.99069213867188,0.2569121718406677,0.3923802375793457,0.5817676302174979,1.285328825546499,False
2024-07-01,81.51,83.82782608695652,87.95,77.95,23,0.06450642965496643,0.0374188621611304,-0.04004141759011557,-0.03925035360678919,92.3948745727539,95.1602783203125,95.11029815673828,0.1416430622339248,0.9915013909339904,2.0938539505004883,0.7328488826751709,2026-05-11,https://www.matteoiacoviello.com/gpr_files/data_gpr_export.xls,-0.2207541197807762,0.4899193548387097,113.0927963256836,130.52186584472656,125.71302795410156,131.44712829589844,109.73841094970705,133.154296875,0.1521683931350708,0.2569121718406677,0.2149092208694198,0.5817676302174979,False
2024-08-01,77.05,78.46136363636364,82.4,75.05,22,0.08628030194930525,0.0324691668764158,-0.05627115034024136,-0.054717212611949506,140.97506713867188,124.80498504638672,165.17947387695312,0.2595265209674835,1.5508291721343994,3.2092669010162354,0.6393214464187622,2026-05-11,https://www.matteoiacoviello.com/gpr_files/data_gpr_export.xls,0.8017934207568095,0.8891129032258065,92.3948745727539,113.0927963256836,95.1602783203125,125.71302795410156,95.11029815673828,109.73841094970705,0.1416430622339248,0.1521683931350708,-0.2207541197807762,0.2149092208694198,False
2024-09-01,72.0,72.6257142857143,77.63,68.68,21,0.08222609190382683,0.0460662525879917,-0.06778844275006944,-0.06554185593770279,130.35877990722656,134.03704833984375,135.5546112060547,0.1496324241161346,1.4442782402038574,2.9731311798095703,0.7676793932914734,2026-05-11,https://www.matteoiacoviello.com/gpr_files/data_gpr_export.xls,0.5783348911631886,0.8326612903225806,140.97506713867188,92.3948745727539,124.80498504638672,95.1602783203125,165.17947387695312,95.11029815673828,0.2595265209674835,0.1416430622339248,0.8017934207568095,-0.2207541197807762,False
2024-10-01,74.06,75.29260869565219,81.16,69.91,23,0.12186999083743086,0.0506228465412138,0.028209456469411347,0.028611111111111143,130.689208984375,128.40969848632812,142.81838989257812,0.3029553592205047,1.3663904666900637,3.0295536518096924,0.9768764972686768,2026-05-11,https://www.matteoiacoviello.com/gpr_files/data_gpr_export.xls,0.5852899776359681,0.8366935483870968,130.35877990722656,140.97506713867188,134.03704833984375,124.80498504638672,135.5546112060547,165.17947387695312,0.1496324241161346,0.2595265209674835,0.5783348911631886,0.8017934207568095,False
2024-11-01,72.09,73.1657142857143,76.24,70.45,21,0.07185246309507624,0.0309843707156567,-0.026960237068979327,-0.026600054010261887,128.90164184570312,139.14866638183594,127.42887115478516,0.2140923142433166,1.9709086418151855,3.167306900024414,1.007493257522583,2026-05-11,https://www.matteoiacoviello.com/gpr_files/data_gpr_export.xls,0.5476640999963414,0.8266129032258065,130.689208984375,130.35877990722656,128.40969848632812,134.03704833984375,142.81838989257812,135.5546112060547,0.3029553592205047,0.1496324241161346,0.5852899776359681,0.5783348911631886,False
2024-12-01,74.83,72.91333333333333,74.89,70.85,21,0.04918201478849809,0.0244682330043095,0.037303535675779924,0.0380080454986822,142.36643981933594,128.26246643066406,164.81373596191406,0.3407747447490692,2.295013666152954,3.2895195484161377,0.8415049910545349,2026-05-11,https://www.matteoiacoviello.com/gpr_files/data_gpr_export.xls,0.8310799393446828,0.8951612903225806,128.90164184570312,130.689208984375,139.14866638183594,128.40969848632812,127.42887115478516,142.81838989257812,0.2140923142433166,0.3029553592205047,0.5476640999963414,0.5852899776359681,False
2025-01-01,76.5,77.93181818181817,82.57,74.72,22,0.059785746949555414,0.0335492227979274,0.022071866740223083,0.022317252438861512,113.233154296875,117.08644104003906,109.50493621826172,0.2439329475164413,1.1258443593978882,2.745809316635132,0.8568926453590393,2026-05-11,https://www.matteoiacoviello.com/gpr_files/data_gpr_export.xls,0.2178635668828053,0.75,142.36643981933594,128.90164184570312,128.26246643066406,139.14866638183594,164.81373596191406,127.42887115478516,0.3407747447490692,0.2140923142433166,0.8310799393446828,0.5476640999963414,False
2025-02-01,73.08,74.73649999999999,77.34,71.92,20,0.0623233249202594,0.0305854555001314,-0.04573600932268416,-0.04470588235294115,136.9805908203125,138.7676544189453,140.7871551513672,0.687007486820221,1.953256607055664,3.5360679626464844,1.1046003103256226,2026-05-11,https://www.matteoiacoviello.com/gpr_files/data_gpr_export.xls,0.7177150810192356,0.8649193548387096,113.233154296875,142.36643981933594,117.08644104003906,128.26246643066406,109.50493621826172,164.81373596191406,0.2439329475164413,0.3407747447490692,0.2178635668828053,0.8310799393446828,False
2025-03-01,74.71,71.22714285714285,75.04,68.33,21,0.061889435561324,0.0299145299145298,0.02205922047790389,0.02230432402846194,174.1120147705078,194.02442932128903,158.2345733642578,0.7943094372749329,2.4599881172180176,4.463544845581055,1.0788382291793823,2026-05-11,https://www.matteoiacoviello.com/gpr_files/data_gpr_export.xls,1.4992814814696116,0.9576612903225806,136.9805908203125,113.233154296875,138.7676544189453,117.08644104003906,140.7871551513672,109.50493621826172,0.687007486820221,0.2439329475164413,0.7177150810192356,0.2178635668828053,False
2025-04-01,61.04,65.77523809523808,75.47,58.4,21,0.12930369976422854,0.0665368386887375,-0.2020845650115082,-0.182974166778209,140.97369384765625,159.25746154785156,132.05572509765625,0.2608590126037597,1.522688627243042,3.5185635089874268,1.055569052696228,2026-05-11,https://www.matteoiacoviello.com/gpr_files/data_gpr_export.xls,0.8017645148328866,0.8870967741935484,174.1120147705078,136.9805908203125,194.02442932128903,138.7676544189453,158.2345733642578,140.7871551513672,0.7943094372749329,0.687007486820221,1.4992814814696116,0.7177150810192356,False
2025-05-01,62.61,63.67681818181818,66.81,58.5,22,0.07527464540844164,0.0356029532403607,0.025395622781017584,0.02572083879423337,166.0472412109375,203.87728881835935,149.2124481201172,0.6964358687400818,1.49236261844635,4.108386516571045,1.1295136213302612,2026-05-11,https://www.matteoiacoviello.com/gpr_files/data_gpr_export.xls,1.329528873816988,0.9495967741935484,140.97369384765625,174.1120147705078,159.25746154785156,194.02442932128903,132.05572509765625,158.2345733642578,0.2608590126037597,0.7943094372749329,0.8017645148328866,1.4992814814696116,False
2025-06-01,66.63,69.0142857142857,79.4,63.0,21,0.1522065679516143,0.0798363684349432,0.06222991681722656,0.0642069956875897,221.13490295410156,286.4390869140625,182.07473754882812,0.4537825584411621,2.1694536209106445,5.638092994689941,1.392428636550903,2026-05-11,https://www.matteoiacoviello.com/gpr_files/data_gpr_export.xls,2.489049864867108,0.9737903225806452,166.0472412109375,140.97369384765625,203.87728881835935,159.25746154785156,149.2124481201172,132.05572509765625,0.6964358687400818,0.2608590126037597,1.329528873816988,0.8017645148328866,False
2025-07-01,71.78,69.59,73.17,66.34,23,0.07114845596728701,0.0335227272727272,0.07445095914501544,0.07729251088098454,134.2220001220703,156.11004638671875,119.33242797851562,0.2052148729562759,1.3942539691925049,3.1687591075897217,0.8993239998817444,2026-05-11,https://www.matteoiacoviello.com/gpr_files/data_gpr_export.xls,0.6596504669275992,0.8548387096774194,221.13490295410156,166.0472412109375,286.4390869140625,203.87728881835935,182.07473754882812,149.2124481201172,0.4537825584411621,0.6964358687400818,2.489049864867108,1.329528873816988,False
2025-08-01,67.46,66.94666666666667,72.0,64.79,21,0.05977437041395195,0.0314850933407635,-0.06207105608595717,-0.060183895235441764,138.56211853027344,160.41519165039062,120.87979125976562,0.1790281385183334,1.7007672786712646,3.388746738433838,0.8056265711784363,2026-05-11,https://www.matteoiacoviello.com/gpr_files/data_gpr_export.xls,0.7510041065396317,0.8790322580645161,134.2220001220703,221.13490295410156,156.11004638671875,286.4390869140625,119.33242797851562,182.07473754882812,0.2052148729562759,0.4537825584411621,0.6596504669275992,2.489049864867108,False
2025-09-01,66.15,67.15454545454546,69.87,65.07,22,0.06722934138920028,0.0297878523684974,-0.019609939072539277,-0.019418914912540552,125.86952209472656,141.8061065673828,114.78914642333984,0.2547354698181152,1.4304375648498535,3.109079122543335,1.0058785676956177,2026-05-11,https://www.matteoiacoviello.com/gpr_files/data_gpr_export.xls,0.4838420682131304,0.8205645161290323,138.56211853027344,134.2220001220703,160.41519165039062,156.11004638671875,120.87979125976562,119.33242797851562,0.1790281385183334,0.2052148729562759,0.7510041065396317,0.6596504669275992,False
2025-10-01,64.58,63.77478260869564,66.58,59.97,23,0.08745888153010185,0.0481373601103786,-0.02402012523083563,-0.0237339380196524,154.51292419433594,167.99813842773438,151.54867553710938,0.2251547873020172,1.513540506362915,3.752579927444458,0.9443992972373962,2026-05-11,https://www.matteoiacoviello.com/gpr_files/data_gpr_export.xls,1.0867470552578486,0.9294354838709676,125.86952209472656,138.56211853027344,141.8061065673828,160.41519165039062,114.78914642333984,120.87979125976562,0.2547354698181152,0.1790281385183334,0.4838420682131304,0.7510041065396317,False
2025-11-01,62.32,63.3695,65.32,60.96,20,0.0592005243832061,0.037025656782916,-0.03562236376763627,-0.03499535459894698,104.33865356445312,118.68241119384766,88.68616485595703,0.2010934501886367,1.2882548570632937,2.6582040786743164,0.6472695469856262,2026-05-11,https://www.matteoiacoviello.com/gpr_files/data_gpr_export.xls,0.0306463211729049,0.6653225806451613,154.51292419433594,125.86952209472656,167.99813842773438,141.8061065673828,151.54867553710938,114.78914642333984,0.2251547873020172,0.2547354698181152,1.0867470552578486,0.4838420682131304,False
2025-12-01,60.91,61.499545454545455,64.09,58.53,22,0.07120353152338724,0.0298685782556751,-0.02288503671409967,-0.022625160462131033,130.9558563232422,144.90623474121094,121.78854370117188,0.1508196741342544,1.6721311807632446,3.219672203063965,1.003278732299805,2026-05-11,https://www.matteoiacoviello.com/gpr_files/data_gpr_export.xls,0.5909025445309957,0.8407258064516129,104.33865356445312,154.51292419433594,118.68241119384766,167.99813842773438,88.68616485595703,151.54867553710938,0.2010934501886367,0.2251547873020172,0.0306463211729049,1.0867470552578486,False
2026-01-01,69.83,64.41380952380953,70.58,59.75,21,0.07649989727275092,0.0382513661202186,0.1366663520095508,0.1464455754391727,168.62986755371094,220.17141723632812,100.22209930419922,0.335946261882782,1.9036954641342163,4.566380500793457,1.5055369138717651,2026-05-11,https://www.matteoiacoviello.com/gpr_files/data_gpr_export.xls,1.383889675523305,0.9516129032258064,130.9558563232422,104.33865356445312,144.90623474121094,118.68241119384766,121.78854370117188,88.68616485595703,0.1508196741342544,0.2010934501886367,0.5909025445309957,0.0306463211729049,False
2026-02-01,73.21,69.29100000000001,73.54,65.19,20,0.09602452589138472,0.0504081340398109,0.04726830680060741,0.04840326507231851,120.74515533447266,157.46743774414062,81.67977142333984,0.3232403099536896,1.2863645553588867,3.100468397140503,0.8839633464813232,2026-05-11,https://www.matteoiacoviello.com/gpr_files/data_gpr_export.xls,0.3759810583910675,0.8004032258064516,168.62986755371094,130.9558563232422,220.17141723632812,144.90623474121094,100.22209930419922,121.78854370117188,0.335946261882782,0.1508196741342544,1.383889675523305,0.5909025445309957,False
2026-03-01,103.53,96.75227272727274,119.5,75.75,22,0.22359256706976327,0.11899263169471,0.3465294021194706,0.4141510722578885,326.9891052246094,316.3792724609375,445.2544860839844,2.206434488296509,2.4779067039489746,8.588921546936035,1.6865938901901243,2026-05-11,https://www.matteoiacoviello.com/gpr_files/data_gpr_export.xls,4.717138072636248,0.9899193548387096,120.74515533447266,168.62986755371094,157.46743774414062,220.17141723632812,81.67977142333984,100.22209930419922,0.3232403099536896,0.335946261882782,0.3759810583910675,1.383889675523305,True
2026-04-01,110.86,101.18619047619049,114.7,86.09,21,0.19303071717101136,0.0897845171588187,0.0684067182136368,0.07080073408673804,230.770751953125,252.2649078369141,285.34808349609375,0.8118893504142761,1.713224172592163,6.329984664916992,1.513692021369934,2026-05-11,https://www.matteoiacoviello.com/gpr_files/data_gpr_export.xls,2.691871491841381,0.9758064516129032,326.9891052246094,120.74515533447266,316.3792724609375,157.46743774414062,445.2544860839844,81.67977142333984,2.206434488296509,0.3232403099536896,4.717138072636248,0.3759810583910675,True
2026-05-01,110.31,111.19,115.3,105.55,3,0.0568593359936527,0.0445054945054945,-0.00497356001036826,-0.00496121233988811,,,,,,,,,,,,230.770751953125,326.9891052246094,252.2649078369141,316.3792724609375,285.34808349609375,445.2544860839844,0.8118893504142761,2.206434488296509,2.691871491841381,4.717138072636248,True
